Date_Time,amount_consumed,latency_to_consumption,Type
2026-03-13 14:23:28.769784,,,initialize
2026-03-13 14:24:47.509963,,,block_start
2026-03-13 14:24:57.837865,,,start
2026-03-13 14:24:57.840144,,,start
2026-03-13 14:25:26.430611,,,exit
2026-03-13 14:25:32.024449,,,block_end
2026-03-13 14:25:54.690007,,,block_start
2026-03-13 14:26:00.975925,,,start
2026-03-13 14:26:00.977509,,,start
2026-03-13 14:26:07.491214,,,drink
2026-03-13 14:26:13.951551,,,start
2026-03-13 14:26:41.547160,,,exit
2026-03-13 14:26:44.636430,,,block_end
2026-03-13 14:26:55.768984,,,block_start
2026-03-13 14:26:58.548415,,,start
2026-03-13 14:26:58.550582,,,start
2026-03-13 14:27:03.712490,,,exit
2026-03-13 14:27:08.302922,,,block_end
2026-03-13 14:31:33.942479,,,block_start
2026-03-13 14:31:36.348605,,,start
2026-03-13 14:31:36.350404,,,start
2026-03-13 14:32:05.686853,,,drink
2026-03-13 14:32:09.061735,,,start
2026-03-13 14:32:11.308386,,,exit
2026-03-13 14:32:15.907837,,,block_end
2026-03-13 14:32:36.063338,,,block_start
2026-03-13 14:32:38.234249,,,start
2026-03-13 14:32:38.235704,,,start
2026-03-13 14:32:50.796949,,,exit
2026-03-13 14:32:59.904984,,,block_end
2026-03-13 14:34:34.214311,,,block_start
2026-03-13 14:34:36.666753,,,start
2026-03-13 14:34:36.668238,,,start
2026-03-13 14:34:58.067481,,,exit
2026-03-13 14:35:12.677920,,,block_end
2026-03-13 14:36:07.909158,,,block_start
2026-03-13 14:36:10.111715,,,start
2026-03-13 14:36:10.113998,,,start
2026-03-13 14:36:41.327287,,,eat
2026-03-13 14:36:58.119778,,,start
2026-03-13 14:37:12.175397,,,eat
2026-03-13 14:37:26.794057,,,start
2026-03-13 14:37:29.248864,,,exit
2026-03-13 14:37:32.341847,,,block_end
2026-03-13 14:37:45.482486,,,block_start
2026-03-13 14:37:47.081121,,,start
2026-03-13 14:37:47.083154,,,start
2026-03-13 14:37:50.404310,,,drink
2026-03-13 14:37:52.993848,,,start
2026-03-13 14:38:04.751709,,,exit
2026-03-13 14:38:17.857555,,,block_end
2026-03-13 14:38:23.982092,,,block_start
2026-03-13 14:38:25.603450,,,start
2026-03-13 14:38:25.605215,,,start
2026-03-13 14:38:42.765098,,,exit
2026-03-13 14:38:52.869888,,,block_end
2026-03-13 14:39:50.093794,,,block_start
2026-03-13 14:39:55.924396,,,start
2026-03-13 14:39:55.926026,,,start
2026-03-13 14:40:34.935505,,,drink
2026-03-13 14:40:35.896609,,,start
2026-03-13 14:40:38.955109,,,exit
2026-03-13 14:40:41.544913,,,block_end
2026-03-13 14:41:38.772262,,,block_start
2026-03-13 14:41:43.019403,,,start
2026-03-13 14:42:09.312782,,,exit
2026-03-13 14:42:13.909051,,,block_end
2026-03-13 14:43:13.142504,,,block_start
2026-03-13 14:43:14.869283,,,start
2026-03-13 14:43:14.870814,,,start
2026-03-13 14:43:29.933121,,,exit
2026-03-13 14:43:32.026791,,,block_end
2026-03-13 14:43:59.698415,,,block_start
2026-03-13 14:44:01.287236,,,start
2026-03-13 14:44:01.289081,,,start
2026-03-13 14:44:07.668577,,,drink
2026-03-13 14:44:09.423734,,,start
2026-03-13 14:44:16.191230,,,drink
2026-03-13 14:44:22.875574,,,start
2026-03-13 14:44:43.373164,,,exit
2026-03-13 14:44:45.461870,,,block_end
2026-03-13 14:48:07.476686,,,block_start
2026-03-13 14:48:10.605679,,,start
2026-03-13 14:48:23.219263,,,exit
2026-03-13 14:49:32.444816,,,block_end
2026-03-13 14:49:59.115908,,,block_start
2026-03-13 14:50:01.357374,,,start
2026-03-13 14:50:09.132493,,,exit
2026-03-13 14:50:11.726343,,,block_end
2026-03-13 14:51:22.986314,,,block_start
2026-03-13 14:51:25.280692,,,start
2026-03-13 14:52:18.154692,,,exit
2026-03-13 14:52:24.751879,,,block_end
2026-03-13 14:52:30.375477,,,block_start
2026-03-13 14:52:32.988077,,,start
2026-03-13 14:52:32.989522,,,start
2026-03-13 14:52:53.596022,,,drink
2026-03-13 14:52:54.658422,,,start
2026-03-13 14:53:04.508232,,,exit
2026-03-13 14:53:07.105299,,,block_end
2026-03-13 14:54:13.357389,,,block_start
2026-03-13 14:54:15.856540,,,start
2026-03-13 14:54:15.857996,,,start
2026-03-13 14:54:25.407656,,,exit
2026-03-13 14:54:28.002786,,,block_end
2026-03-13 14:55:00.181952,,,block_start
2026-03-13 14:55:01.834803,,,start
2026-03-13 14:55:13.396865,,,exit
2026-03-13 14:55:15.492318,,,block_end
2026-03-13 14:55:44.169710,,,block_start
2026-03-13 14:55:47.522162,,,start
2026-03-13 14:55:47.523671,,,start
2026-03-13 14:55:51.283207,,,exit
2026-03-13 14:55:53.379310,,,block_end
2026-03-13 14:57:14.659233,,,block_start
2026-03-13 14:58:00.744012,,,start
2026-03-13 15:00:42.185077,,,drink
2026-03-13 15:00:49.513657,,,start
2026-03-13 15:01:16.184331,,,exit
2026-03-13 15:01:20.782338,,,block_end
2026-03-13 15:01:36.433418,,,block_start
2026-03-13 15:01:38.259068,,,start
2026-03-13 15:02:08.617006,,,drink
2026-03-13 15:02:12.668691,,,start
2026-03-13 15:02:41.656902,,,exit
2026-03-13 15:02:46.756812,,,block_end
2026-03-13 15:03:06.412261,,,block_start
2026-03-13 15:03:08.256143,,,start
2026-03-13 15:03:42.977021,,,exit
2026-03-13 15:03:45.070808,,,block_end
2026-03-13 15:05:27.891161,,,block_start
2026-03-13 15:14:24.813724,,,initialize
2026-03-13 15:19:43.995073,,,initialize
2026-03-13 15:24:51.257786,,,initialize
2026-03-13 18:24:18.999024,,,initialize
2026-03-16 12:43:06.477936,,,initialize
2026-03-16 12:55:50.842295,,,initialize
2026-03-16 13:33:28.913847,,,initialize
2026-03-16 13:37:56.192839,,,initialize
2026-03-16 13:57:19.917134,,,initialize
2026-03-16 13:58:45.173416,,,block_start
2026-03-16 13:58:47.302166,,,start
2026-03-16 13:58:53.200530,,,exit
2026-03-16 13:58:55.296278,,,block_end
2026-03-16 13:59:12.449887,,,block_start
2026-03-16 13:59:13.741156,,,start
2026-03-16 13:59:13.743041,,,start
2026-03-16 13:59:18.569666,,,exit
2026-03-16 13:59:21.155956,,,block_end
2026-03-16 13:59:39.803958,,,block_start
2026-03-16 13:59:52.194243,,,start
2026-03-16 13:59:52.196128,,,start
2026-03-16 14:00:20.016130,,,exit
2026-03-16 14:00:27.119390,,,block_end
2026-03-16 14:02:00.916989,,,block_start
2026-03-16 14:02:02.342175,,,start
2026-03-16 14:02:02.345173,,,start
2026-03-16 14:02:17.488282,,,drink
2026-03-16 14:02:20.071,,,start
2026-03-16 14:02:40.502687,,,exit
2026-03-16 14:02:42.586534,,,block_end
2026-03-16 14:03:48.828960,,,block_start
2026-03-16 14:03:50.962959,,,start
2026-03-16 14:03:50.965066,,,start
2026-03-16 14:03:56.135489,,,eat
2026-03-16 14:04:17.162398,,,start
2026-03-16 14:04:27.107922,,,exit
2026-03-16 14:04:31.202849,,,block_end
2026-03-16 14:04:59.374774,,,block_start
2026-03-16 14:05:01.577810,,,start
2026-03-16 14:05:01.579910,,,start
2026-03-16 14:05:07.685238,,,eat
2026-03-16 14:05:14.788010,,,start
2026-03-16 14:05:38.876252,,,exit
2026-03-16 14:05:40.969333,,,block_end
2026-03-16 14:06:15.652502,,,block_start
2026-03-16 14:06:21.831212,,,start
2026-03-16 14:06:26.432402,,,eat
2026-03-16 14:06:59.004015,,,start
2026-03-16 14:07:08.839308,,,exit
2026-03-16 14:07:11.424438,,,block_end
2026-03-16 14:08:32.204636,,,block_start
2026-03-16 14:08:39.497408,,,start
2026-03-16 14:08:56.674065,,,exit
2026-03-16 14:09:02.268443,,,block_end
2026-03-16 14:10:43.589539,,,block_start
2026-03-16 14:10:45.051446,,,start
2026-03-16 14:10:49.805983,,,eat
2026-03-16 14:10:57.586419,,,start
2026-03-16 14:11:14.131244,,,eat
2026-03-16 14:11:23.723430,,,start
2026-03-16 14:11:24.751415,,,exit
2026-03-16 14:11:26.838418,,,block_end
2026-03-16 14:12:14.049847,,,block_start
2026-03-16 14:12:15.732759,,,start
2026-03-16 14:12:15.734365,,,start
2026-03-16 14:12:22.418639,,,eat
2026-03-16 14:12:39.580384,,,start
2026-03-16 14:12:47.841566,,,exit
2026-03-16 14:12:51.437348,,,block_end
2026-03-16 14:13:30.634421,,,block_start
2026-03-16 14:13:31.854100,,,start
2026-03-16 14:13:31.856222,,,start
2026-03-16 14:13:42.708803,,,drink
2026-03-16 14:13:44.236167,,,start
2026-03-16 14:14:05.141980,,,exit
2026-03-16 14:14:17.254425,,,block_end
2026-03-16 14:15:08.969384,,,block_start
2026-03-16 14:15:10.733734,,,start
2026-03-16 14:15:36.302617,,,exit
2026-03-16 14:15:39.893946,,,block_end
2026-03-16 14:16:05.567296,,,block_start
2026-03-16 14:16:17.283586,,,start
2026-03-16 14:16:33.723779,,,exit
2026-03-16 14:16:38.322797,,,block_end
2026-03-16 14:16:58.976132,,,block_start
2026-03-16 14:17:00.380227,,,start
2026-03-16 14:17:12.385824,,,exit
2026-03-16 14:17:14.469618,,,block_end
2026-03-16 14:18:16.207727,,,block_start
2026-03-16 14:18:18.726507,,,start
2026-03-16 14:18:18.730137,,,start
2026-03-16 14:18:35.325971,,,exit
2026-03-16 14:18:36.908613,,,block_end
2026-03-16 14:19:05.580354,,,block_start
2026-03-16 14:19:07.331091,,,start
2026-03-16 14:19:07.333226,,,start
2026-03-16 14:19:23.354230,,,eat
2026-03-16 14:19:29.415773,,,start
2026-03-16 14:19:38.854152,,,exit
2026-03-16 14:19:41.940454,,,block_end
2026-03-16 14:20:53.697774,,,block_start
2026-03-16 14:20:56.805686,,,start
2026-03-16 14:21:23.240280,,,exit
2026-03-16 14:21:26.329438,,,block_end
2026-03-16 14:21:35.965709,,,block_start
2026-03-16 14:21:38.517036,,,start
2026-03-16 14:21:43.493714,,,exit
2026-03-16 14:21:45.087340,,,block_end
2026-03-16 14:23:10.871597,,,block_start
2026-03-16 14:23:13.924228,,,start
2026-03-16 14:23:13.925689,,,start
2026-03-16 14:23:20.027010,,,eat
2026-03-16 14:23:37.947846,,,start
2026-03-16 14:23:45.366116,,,eat
2026-03-16 14:24:04.801836,,,start
2026-03-16 14:25:03.723715,,,exit
2026-03-16 14:25:08.321376,,,block_end
2026-03-16 14:25:55.026011,,,block_start
2026-03-16 14:25:57.465838,,,start
2026-03-16 14:25:57.467268,,,start
2026-03-16 14:26:16.313385,,,drink
2026-03-16 14:26:18.387709,,,start
2026-03-16 14:26:31.424642,,,eat
2026-03-16 14:26:50.821151,,,start
2026-03-16 14:26:52.279172,,,exit
2026-03-16 14:27:08.904337,,,block_end
2026-03-16 14:29:12.770909,,,block_start
2026-03-16 14:29:14.511864,,,start
2026-03-16 14:29:14.513860,,,start
2026-03-16 14:29:41.229288,,,exit
2026-03-16 14:29:43.824819,,,block_end
2026-03-16 14:30:01.479659,,,block_start
2026-03-16 14:30:03.960321,,,start
2026-03-16 14:30:03.962240,,,start
2026-03-16 14:30:32.858929,,,eat
2026-03-16 14:30:41.705812,,,start
2026-03-16 14:30:59.362468,,,exit
2026-03-16 14:31:01.956338,,,block_end
2026-03-16 14:31:14.091741,,,block_start
2026-03-16 14:31:15.239767,,,start
2026-03-16 14:31:40.889852,,,exit
2026-03-16 14:31:42.985263,,,block_end
2026-03-16 14:32:26.186512,,,block_start
2026-03-16 14:32:28.544643,,,start
2026-03-16 14:32:28.562143,,,start
2026-03-16 14:33:04.678520,,,exit
2026-03-16 14:33:10.275422,,,block_end
2026-03-16 14:33:25.923140,,,block_start
2026-03-16 14:33:39.561613,,,start
2026-03-16 14:33:39.563087,,,start
2026-03-16 14:33:40.893116,,,exit
2026-03-16 14:33:42.986811,,,block_end
2026-03-16 14:34:28.194357,,,block_start
2026-03-16 14:34:29.251068,,,start
2026-03-16 14:34:29.253363,,,start
2026-03-16 14:35:18.941648,,,exit
2026-03-16 14:35:29.548387,,,block_end
2026-03-16 14:36:21.771753,,,block_start
2026-03-16 14:36:23.019176,,,start
2026-03-16 14:36:23.021056,,,start
2026-03-16 14:37:12.665172,,,exit
2026-03-16 14:37:21.269839,,,block_end
2026-03-16 14:38:26.518926,,,block_start
2026-03-16 14:38:27.884945,,,start
2026-03-16 14:38:27.886472,,,start
2026-03-16 14:38:53.418994,,,exit
2026-03-16 14:38:55.514380,,,block_end
2026-03-16 14:41:42.968571,,,block_start
2026-03-16 14:41:44.162997,,,start
2026-03-16 14:43:02.613551,,,drink
2026-03-16 14:43:04.805691,,,start
2026-03-16 14:43:22.455217,,,exit
2026-03-16 14:43:25.547833,,,block_end
2026-03-16 14:44:46.326884,,,block_start
2026-03-16 14:44:48.458803,,,start
2026-03-16 14:44:48.461023,,,start
2026-03-16 14:45:14.880655,,,exit
2026-03-16 14:45:16.965903,,,block_end
2026-03-16 14:45:59.670503,,,block_start
2026-03-16 14:46:00.993723,,,start
2026-03-16 14:46:09.470882,,,exit
2026-03-16 14:46:11.564819,,,block_end
2026-03-17 09:28:51.399660,,,initialize
2026-03-17 12:34:06.780490,,,initialize
2026-03-17 13:25:44.911860,,,initialize
2026-03-17 13:26:16.568796,,,block_start
2026-03-17 13:26:18.003735,,,start
2026-03-17 13:26:24.768722,,,drink
2026-03-17 13:26:26.452820,,,start
2026-03-17 13:26:32.404259,,,drink
2026-03-17 13:26:33.951786,,,start
2026-03-17 13:26:39.615102,,,exit
2026-03-17 13:26:42.200955,,,block_end
2026-03-17 13:26:56.344123,,,block_start
2026-03-17 13:26:57.584175,,,start
2026-03-17 13:27:13.686909,,,exit
2026-03-17 13:27:17.283820,,,block_end
2026-03-17 13:27:40.947808,,,block_start
2026-03-17 13:27:42.305178,,,start
2026-03-17 13:27:57.846081,,,drink
2026-03-17 13:27:58.973337,,,start
2026-03-17 13:28:11.824333,,,exit
2026-03-17 13:28:14.920833,,,block_end
2026-03-17 13:29:32.184144,,,block_start
2026-03-17 13:29:33.966044,,,start
2026-03-17 13:29:48.852346,,,exit
2026-03-17 13:29:50.937922,,,block_end
2026-03-17 13:29:56.058857,,,block_start
2026-03-17 13:29:57.555873,,,start
2026-03-17 13:30:07.656273,,,exit
2026-03-17 13:30:11.751910,,,block_end
2026-03-17 13:30:19.381051,,,block_start
2026-03-17 13:31:03.766126,,,start
2026-03-17 13:31:27.490939,,,exit
2026-03-17 13:31:31.077492,,,block_end
2026-03-17 13:32:00.247065,,,block_start
2026-03-17 13:32:01.417526,,,start
2026-03-17 13:32:18.125685,,,drink
2026-03-17 13:32:25.360924,,,start
2026-03-17 13:32:44.350270,,,drink
2026-03-17 13:33:03.342255,,,start
2026-03-17 13:33:06.820841,,,exit
2026-03-17 13:33:22.935381,,,block_end
2026-03-17 13:33:28.055525,,,block_start
2026-03-17 13:33:29.219633,,,start
2026-03-17 13:33:29.221378,,,start
2026-03-17 13:33:29.706811,,,exit
2026-03-17 13:34:06.862013,,,block_end
2026-03-17 13:37:05.331307,,,block_start
2026-03-17 13:37:08.657141,,,start
2026-03-17 13:37:18.641172,,,exit
2026-03-17 13:37:23.737354,,,block_end
2026-03-17 13:39:14.068584,,,block_start
2026-03-17 13:39:19.113214,,,start
2026-03-17 13:40:57.530964,,,exit
2026-03-17 13:40:59.616172,,,block_end
2026-03-17 13:41:17.271550,,,block_start
2026-03-17 13:41:21.930104,,,start
2026-03-17 13:41:21.931551,,,start
2026-03-17 13:41:30.326048,,,exit
2026-03-17 13:41:31.910987,,,block_end
2026-03-17 13:41:38.036797,,,block_start
2026-03-17 13:41:39.392826,,,start
2026-03-17 13:41:55.883629,,,exit
2026-03-17 13:41:57.970460,,,block_end
2026-03-17 13:42:23.643967,,,block_start
2026-03-17 13:42:24.885978,,,start
2026-03-17 13:42:24.887717,,,start
2026-03-17 13:42:56.246795,,,exit
2026-03-17 13:42:57.830989,,,block_end
2026-03-17 13:45:23.737138,,,block_start
2026-03-17 13:45:26.147476,,,start
2026-03-17 13:45:26.149282,,,start
2026-03-17 13:45:50.792706,,,drink
2026-03-17 13:45:53.126845,,,start
2026-03-17 13:46:10.779938,,,exit
2026-03-17 13:46:12.869389,,,block_end
2026-03-17 13:46:54.561761,,,block_start
2026-03-17 13:46:57.556966,,,start
2026-03-17 13:46:57.559113,,,start
2026-03-17 13:47:55.628688,,,exit
2026-03-17 13:48:00.724370,,,block_end
2026-03-17 13:49:15.989133,,,block_start
2026-03-17 13:49:17.769842,,,start
2026-03-17 13:49:17.771531,,,start
2026-03-17 13:49:21.660533,,,drink
2026-03-17 13:49:25.967777,,,start
2026-03-17 13:49:40.637027,,,exit
2026-03-17 13:49:42.726375,,,block_end
2026-03-17 13:49:53.870725,,,block_start
2026-03-17 13:49:55.325470,,,start
2026-03-17 13:49:55.327516,,,start
2026-03-17 13:50:51.915321,,,exit
2026-03-17 13:50:53.507352,,,block_end
2026-03-17 13:51:58.255900,,,block_start
2026-03-17 13:52:01.311652,,,start
2026-03-17 13:52:11.884297,,,exit
2026-03-17 13:52:22.493894,,,block_end
2026-03-17 13:54:35.378157,,,block_start
2026-03-17 13:54:36.945020,,,start
2026-03-17 13:55:15.946182,,,drink
2026-03-17 13:55:25.616231,,,start
2026-03-17 13:55:49.151788,,,exit
2026-03-17 13:56:03.770820,,,block_end
2026-03-17 13:56:12.906809,,,block_start
2026-03-17 13:56:15.772489,,,start
2026-03-17 13:56:15.774643,,,start
2026-03-18 12:41:24.922343,,,initialize
2026-03-18 13:35:00.920912,,,initialize
2026-03-18 13:35:46.600303,,,block_start
2026-03-18 13:35:49.150176,,,start
2026-03-18 13:35:53.265760,,,exit
2026-03-18 13:35:55.356926,,,block_end
2026-03-18 13:36:01.483050,,,block_start
2026-03-18 13:36:02.777816,,,start
2026-03-18 13:36:02.779604,,,start
2026-03-18 13:36:10.210963,,,exit
2026-03-18 13:36:14.307318,,,block_end
2026-03-18 13:36:51.995794,,,block_start
2026-03-18 13:37:04.422640,,,start
2026-03-18 13:37:10.945329,,,exit
2026-03-18 13:37:13.038349,,,block_end
2026-03-18 13:38:31.311295,,,block_start
2026-03-18 13:38:32.836699,,,start
2026-03-18 13:38:46.388038,,,drink
2026-03-18 13:38:49.777581,,,start
2026-03-18 13:39:13.233597,,,exit
2026-03-18 13:39:15.326405,,,block_end
2026-03-18 13:39:32.481200,,,block_start
2026-03-18 13:39:34.929160,,,start
2026-03-18 13:39:34.930665,,,start
2026-03-18 13:39:54.893159,,,exit
2026-03-18 13:39:56.986340,,,block_end
2026-03-18 13:40:26.160194,,,block_start
2026-03-18 13:40:28.211752,,,start
2026-03-18 13:40:28.213571,,,start
2026-03-18 13:40:46.772822,,,eat
2026-03-18 13:41:06.188544,,,start
2026-03-18 13:41:08.987465,,,eat
2026-03-18 13:41:09.240957,,,start
2026-03-18 13:41:31.509220,,,drink
2026-03-18 13:41:54.365523,,,start
2026-03-18 13:41:58.778035,,,eat
2026-03-18 13:42:20.310818,,,start
2026-03-18 13:42:27.307050,,,drink
2026-03-18 13:42:29.836459,,,start
2026-03-18 13:43:10.565767,,,exit
2026-03-18 13:43:12.661288,,,block_end
2026-03-18 13:43:48.849860,,,block_start
2026-03-18 13:43:51.348488,,,start
2026-03-18 13:44:11.250742,,,exit
2026-03-18 13:44:13.341918,,,block_end
2026-03-18 13:44:45.525990,,,block_start
2026-03-18 13:44:49.568332,,,start
2026-03-18 13:44:58.829467,,,exit
2026-03-18 13:45:02.924885,,,block_end
2026-03-18 13:45:06.552701,,,block_start
2026-03-18 13:45:08.380819,,,start
2026-03-18 13:45:27.180791,,,drink
2026-03-18 13:45:35.396152,,,start
2026-03-18 13:46:12.561260,,,exit
2026-03-18 13:46:14.651375,,,block_end
2026-03-18 13:47:18.392643,,,block_start
2026-03-18 13:47:20.555882,,,start
2026-03-18 13:47:20.557783,,,start
2026-03-18 13:48:19.879591,,,exit
2026-03-18 13:48:21.970867,,,block_end
2026-03-18 13:49:03.666319,,,block_start
2026-03-18 13:49:09.327656,,,start
2026-03-18 13:49:09.329588,,,start
2026-03-18 13:49:15.677604,,,drink
2026-03-18 13:49:30.958786,,,start
2026-03-18 13:49:53.538664,,,drink
2026-03-18 13:50:01.644051,,,start
2026-03-18 13:50:02.141408,,,exit
2026-03-18 13:50:03.730604,,,block_end
2026-03-18 13:50:43.923424,,,block_start
2026-03-18 13:50:46.320021,,,start
2026-03-18 13:50:58.294022,,,eat
2026-03-18 13:51:12.200715,,,start
2026-03-18 13:51:29.189714,,,eat
2026-03-18 13:51:39.101562,,,start
2026-03-18 13:51:56.786986,,,eat
2026-03-18 13:52:06.674663,,,start
2026-03-18 13:52:24.977555,,,eat
2026-03-18 13:52:47.615468,,,start
2026-03-18 13:52:54.159585,,,exit
2026-03-18 13:52:59.760835,,,block_end
2026-03-18 13:54:16.024014,,,block_start
2026-03-18 13:54:17.526218,,,start
2026-03-18 13:54:41.871201,,,eat
2026-03-18 13:54:50.162147,,,start
2026-03-18 13:55:02.938180,,,drink
2026-03-18 13:55:08.853285,,,start
2026-03-18 13:55:11.159155,,,exit
2026-03-18 13:55:13.753324,,,block_end
2026-03-18 13:55:36.918757,,,block_start
2026-03-18 13:55:51.523859,,,start
2026-03-18 13:55:51.525953,,,start
2026-03-18 13:57:25.052211,,,exit
2026-03-18 13:57:33.656870,,,block_end
2026-03-18 13:58:03.337305,,,block_start
2026-03-18 13:58:06.657982,,,start
2026-03-18 13:58:06.660102,,,start
2026-03-18 13:58:14.480798,,,drink
2026-03-18 13:58:15.386964,,,start
2026-03-18 13:58:46.946265,,,drink
2026-03-18 13:58:55.136078,,,start
2026-03-18 13:59:12.830037,,,exit
2026-03-18 13:59:16.924502,,,block_end
2026-03-18 14:00:10.145381,,,block_start
2026-03-18 14:00:12.841119,,,start
2026-03-18 14:00:16.198747,,,exit
2026-03-18 14:00:17.785945,,,block_end
2026-03-18 14:01:52.585634,,,block_start
2026-03-18 14:01:55.845070,,,start
2026-03-18 14:02:01.214361,,,exit
2026-03-18 14:02:07.817808,,,block_end
2026-03-18 14:02:16.453689,,,block_start
2026-03-18 14:02:23.195075,,,start
2026-03-18 14:02:39.435061,,,exit
2026-03-18 14:02:59.564322,,,block_end
2026-03-18 14:05:06.429802,,,block_start
2026-03-18 14:05:08.004145,,,start
2026-03-18 14:05:52.725113,,,exit
2026-03-18 14:05:58.820464,,,block_end
2026-03-18 14:06:08.960974,,,block_start
2026-03-18 14:06:16.740561,,,start
2026-03-18 14:06:20.206270,,,exit
2026-03-18 14:06:21.795439,,,block_end
2026-03-18 14:07:58.108115,,,block_start
2026-03-18 14:08:00.678568,,,start
2026-03-18 14:08:09.336849,,,exit
2026-03-18 14:08:10.931291,,,block_end
2026-03-18 14:08:14.057048,,,block_start
2026-03-18 14:08:16.119726,,,start
2026-03-18 14:08:18.488021,,,eat
2026-03-18 14:08:51.463667,,,start
2026-03-18 14:09:03.602796,,,drink
2026-03-18 14:09:05.596347,,,start
2026-03-18 14:09:10.681396,,,exit
2026-03-18 14:09:14.277319,,,block_end
2026-03-18 14:09:42.949891,,,block_start
2026-03-18 14:09:44.724123,,,start
2026-03-18 14:10:00.856540,,,eat
2026-03-18 14:10:44.366092,,,start
2026-03-18 14:10:45.921268,,,exit
2026-03-18 14:10:51.513935,,,block_end
2026-03-18 14:11:24.194336,,,block_start
2026-03-18 14:11:26.479477,,,start
2026-03-18 14:11:26.481316,,,start
2026-03-18 14:12:26.895154,,,exit
2026-03-18 14:12:56.537395,,,block_end
2026-03-18 14:13:43.250763,,,block_start
2026-03-18 14:13:45.140989,,,start
2026-03-18 14:13:54.995964,,,eat
2026-03-18 14:14:05.882147,,,start
2026-03-18 14:14:22.855265,,,eat
2026-03-18 14:14:37.154561,,,start
2026-03-18 14:14:40.123554,,,exit
2026-03-18 14:14:47.725832,,,block_end
2026-03-18 14:17:41.688780,,,block_start
2026-03-18 14:17:47.174078,,,start
2026-03-18 14:17:47.175779,,,start
2026-03-18 14:18:18.601374,,,exit
2026-03-18 14:18:19.686466,,,block_end
2026-03-19 12:19:44.976517,,,initialize
2026-03-19 13:09:45.337088,,,initialize
2026-03-19 13:10:18.496246,,,block_start
2026-03-19 13:10:19.749159,,,start
2026-03-19 13:10:19.750807,,,start
2026-03-19 13:10:55.621921,,,exit
2026-03-19 13:10:58.711951,,,block_end
2026-03-19 13:11:20.873246,,,block_start
2026-03-19 13:11:22.263113,,,start
2026-03-19 13:11:41.857427,,,drink
2026-03-19 13:11:52.014536,,,start
2026-03-19 13:11:54.017641,,,exit
2026-03-19 13:11:57.109529,,,block_end
2026-03-19 13:12:18.266373,,,block_start
2026-03-19 13:12:24.047696,,,start
2026-03-19 13:12:24.049382,,,start
2026-03-19 13:12:36.173569,,,exit
2026-03-19 13:12:38.768829,,,block_end
2026-03-19 13:13:22.979052,,,block_start
2026-03-19 13:13:25.700889,,,start
2026-03-19 13:13:25.703714,,,start
2026-03-19 13:13:42.771419,,,exit
2026-03-19 13:14:15.917464,,,block_end
2026-03-19 13:14:19.545097,,,block_start
2026-03-19 13:14:21.352870,,,start
2026-03-19 13:14:21.354658,,,start
2026-03-19 13:15:05.812364,,,exit
2026-03-19 13:15:08.901423,,,block_end
2026-03-19 13:15:22.042493,,,block_start
2026-03-19 13:15:23.849798,,,start
2026-03-19 13:15:52.824660,,,drink
2026-03-19 13:15:56.980610,,,start
2026-03-19 13:15:59.457228,,,exit
2026-03-19 13:16:10.065917,,,block_end
2026-03-19 13:16:33.230961,,,block_start
2026-03-19 13:16:34.826357,,,start
2026-03-19 13:16:34.827847,,,start
2026-03-19 13:16:37.328715,,,eat
2026-03-19 13:16:53.076612,,,start
2026-03-19 13:17:13.675304,,,exit
2026-03-19 13:17:53.338899,,,block_end
2026-03-19 13:17:59.965775,,,block_start
2026-03-19 13:18:01.693547,,,start
2026-03-19 13:18:01.697440,,,start
2026-03-19 13:18:19.921499,,,eat
2026-03-19 13:18:28.816132,,,start
2026-03-19 13:18:33.073828,,,exit
2026-03-19 13:18:50.199324,,,block_end
2026-03-19 13:19:45.425049,,,block_start
2026-03-19 13:19:47.014354,,,start
2026-03-19 13:19:50.595277,,,eat
2026-03-19 13:19:57.903899,,,start
2026-03-19 13:20:10.895153,,,eat
2026-03-19 13:20:26.713700,,,start
2026-03-19 13:20:35.916556,,,exit
2026-03-19 13:20:45.518406,,,block_end
2026-03-19 13:21:39.238598,,,block_start
2026-03-19 13:21:40.685220,,,start
2026-03-19 13:21:40.687125,,,start
2026-03-19 13:21:44.391915,,,eat
2026-03-19 13:22:02.052731,,,start
2026-03-19 13:22:06.593829,,,exit
2026-03-19 13:22:12.188873,,,block_end
2026-03-19 13:24:16.054561,,,block_start
2026-03-19 13:24:17.315780,,,start
2026-03-19 13:24:19.341686,,,eat
2026-03-19 13:24:30.516051,,,start
2026-03-19 13:24:32.714429,,,drink
2026-03-19 13:24:35.337161,,,start
2026-03-19 13:24:35.338414,,,drink
2026-03-19 13:24:44.407862,,,start
2026-03-19 13:24:46.690267,,,exit
2026-03-19 13:24:52.788379,,,block_end
2026-03-19 13:25:18.458583,,,block_start
2026-03-19 13:25:19.928526,,,start
2026-03-19 13:25:19.929957,,,start
2026-03-19 13:25:38.984994,,,drink
2026-03-19 13:25:49.289577,,,start
2026-03-19 13:26:23.372922,,,exit
2026-03-19 13:26:26.458463,,,block_end
2026-03-19 13:27:03.649807,,,block_start
2026-03-19 13:27:05.067771,,,start
2026-03-19 13:27:37.326492,,,exit
2026-03-19 13:27:39.419330,,,block_end
2026-03-19 13:29:04.704773,,,block_start
2026-03-19 13:29:06.745453,,,start
2026-03-19 13:29:11.051442,,,drink
2026-03-19 13:29:12.034428,,,start
2026-03-19 13:29:12.743212,,,drink
2026-03-19 13:29:17.982986,,,start
2026-03-19 13:29:50.443370,,,exit
2026-03-19 13:29:53.536877,,,block_end
2026-03-19 13:30:05.170417,,,block_start
2026-03-19 13:30:20.733304,,,start
2026-03-19 13:31:22.529042,,,exit
2026-03-19 13:31:26.119873,,,block_end
2026-03-19 13:31:37.263632,,,block_start
2026-03-19 13:31:40.275167,,,start
2026-03-19 13:31:40.277091,,,start
2026-03-19 13:32:00.454156,,,drink
2026-03-19 13:32:04.504147,,,start
2026-03-19 13:32:15.054377,,,drink
2026-03-19 13:32:35.248237,,,start
2026-03-19 13:32:41.297228,,,exit
2026-03-19 13:32:46.894382,,,block_end
2026-03-19 13:34:23.697728,,,block_start
2026-03-19 13:34:25.776946,,,start
2026-03-19 13:34:25.778882,,,start
2026-03-19 13:34:40.315016,,,exit
2026-03-19 13:34:42.903904,,,block_end
2026-03-19 13:35:21.096519,,,block_start
2026-03-19 13:35:22.596854,,,start
2026-03-19 13:35:38.042813,,,exit
2026-03-19 13:35:42.135948,,,block_end
2026-03-19 13:36:05.801357,,,block_start
2026-03-19 13:36:07.271013,,,start
2026-03-19 13:36:27.797124,,,eat
2026-03-19 13:36:46.076774,,,start
2026-03-19 13:37:11.350540,,,exit
2026-03-19 13:37:13.941411,,,block_end
2026-03-19 13:37:24.581752,,,block_start
2026-03-19 13:37:26.731731,,,start
2026-03-19 13:37:29.247849,,,eat
2026-03-19 13:37:48.690437,,,start
2026-03-19 13:37:58.655236,,,eat
2026-03-19 13:38:20.171588,,,start
2026-03-19 13:38:26.142553,,,exit
2026-03-19 13:38:28.236780,,,block_end
2026-03-19 13:39:13.943905,,,block_start
2026-03-19 13:39:19.600290,,,start
2026-03-19 13:39:19.602520,,,start
2026-03-19 13:39:22.944407,,,eat
2026-03-19 13:39:36.878060,,,start
2026-03-19 13:39:52.734181,,,exit
2026-03-19 13:39:55.329815,,,block_end
2026-03-19 13:41:47.674449,,,block_start
2026-03-19 13:41:49.541445,,,start
2026-03-19 13:42:22.322950,,,exit
2026-03-19 13:42:25.408477,,,block_end
2026-03-19 13:42:45.056913,,,block_start
2026-03-19 13:42:47.475886,,,start
2026-03-19 13:42:55.952508,,,exit
2026-03-19 13:42:58.543383,,,block_end
2026-03-19 13:43:37.240818,,,block_start
2026-03-19 13:43:39.452560,,,start
2026-03-19 13:43:39.454356,,,start
2026-03-19 13:44:14.079345,,,exit
2026-03-19 13:44:15.671326,,,block_end
2026-03-19 13:44:24.304514,,,block_start
2026-03-19 13:44:27.489671,,,start
2026-03-19 13:44:35.206967,,,exit
2026-03-19 13:44:36.799773,,,block_end
2026-03-19 13:45:16.990452,,,block_start
2026-03-19 13:45:18.222720,,,start
2026-03-19 13:45:18.224615,,,start
2026-03-19 13:45:42.122893,,,exit
2026-03-19 13:45:46.711459,,,block_end
2026-03-19 13:46:53.465964,,,block_start
2026-03-19 13:46:55.789249,,,start
2026-03-19 13:46:55.792820,,,start
2026-03-19 13:47:09.002372,,,exit
2026-03-19 13:47:11.596335,,,block_end
2026-03-19 13:48:05.816613,,,block_start
2026-03-19 13:48:09.443913,,,start
2026-03-19 13:48:09.445743,,,start
2026-03-19 13:48:30.981013,,,exit
2026-03-19 13:48:32.566401,,,block_end
2026-03-19 13:49:07.248236,,,block_start
2026-03-19 13:49:09.489632,,,start
2026-03-19 13:49:31.606234,,,exit
2026-03-19 13:49:33.195397,,,block_end
2026-03-19 13:49:58.356324,,,block_start
2026-03-19 13:50:00.883897,,,start
2026-03-19 13:50:26.890696,,,exit
2026-03-19 13:50:40.001032,,,block_end
2026-03-19 13:51:12.175094,,,block_start
2026-03-19 13:51:22.822484,,,start
2026-03-19 13:51:22.824030,,,start
2026-03-19 13:51:35.588843,,,drink
2026-03-19 13:51:38.245012,,,start
2026-03-19 13:51:56.286999,,,exit
2026-03-19 13:52:08.396456,,,block_end
2026-03-19 13:52:46.091509,,,block_start
2026-03-19 13:52:47.895672,,,start
2026-03-19 13:53:08.726371,,,exit
2026-03-19 13:53:11.321848,,,block_end
2026-03-19 13:53:57.531879,,,block_start
2026-03-19 13:53:59.566260,,,start
2026-03-19 13:54:43.131049,,,exit
2026-03-19 13:54:45.220387,,,block_end
2026-03-19 13:55:47.960066,,,block_start
2026-03-19 13:55:49.519548,,,start
2026-03-19 13:55:49.521211,,,start
2026-03-19 13:56:37.542138,,,drink
2026-03-19 13:56:37.598521,,,start
2026-03-19 13:56:37.600768,,,drink
2026-03-19 13:56:38.634174,,,start
2026-03-19 13:57:57.374513,,,exit
2026-03-19 13:57:59.467343,,,block_end
2026-03-19 13:58:46.671754,,,block_start
2026-03-19 13:58:50.327437,,,start
2026-03-19 13:59:25.297282,,,exit
2026-03-19 13:59:26.881953,,,block_end
2026-03-19 13:59:58.062661,,,block_start
2026-03-19 14:00:00.412934,,,start
2026-03-19 14:00:21.833180,,,exit
2026-03-19 14:00:23.419560,,,block_end
2026-03-19 14:01:34.177407,,,block_start
2026-03-19 14:01:35.497210,,,start
2026-03-19 14:01:56.334423,,,exit
2026-03-19 14:02:05.945271,,,block_end
2026-03-23 12:16:52.201983,,,initialize
2026-03-23 12:58:09.463763,,,initialize
2026-03-23 12:59:26.209684,,,block_start
2026-03-23 12:59:27.576664,,,start
2026-03-23 12:59:27.578591,,,start
2026-03-23 12:59:39.709752,,,exit
2026-03-23 12:59:42.795498,,,block_end
2026-03-23 13:00:00.451340,,,block_start
2026-03-23 13:00:01.721816,,,start
2026-03-23 13:00:10.483426,,,drink
2026-03-23 13:00:15.916013,,,start
2026-03-23 13:00:23.591360,,,exit
2026-03-23 13:00:25.180418,,,block_end
2026-03-23 13:00:34.818144,,,block_start
2026-03-23 13:00:35.971686,,,start
2026-03-23 13:00:52.787278,,,drink
2026-03-23 13:00:55.532248,,,start
2026-03-23 13:00:57.772936,,,exit
2026-03-23 13:00:59.359955,,,block_end
2026-03-23 13:01:16.513615,,,block_start
2026-03-23 13:01:17.922744,,,start
2026-03-23 13:01:17.924631,,,start
2026-03-23 13:01:24.885564,,,exit
2026-03-23 13:01:28.481363,,,block_end
2026-03-23 13:02:03.161579,,,block_start
2026-03-23 13:02:04.516299,,,start
2026-03-23 13:02:41.522113,,,exit
2026-03-23 13:02:47.623406,,,block_end
2026-03-23 13:03:02.267201,,,block_start
2026-03-23 13:03:08.228202,,,start
2026-03-23 13:03:34.432146,,,exit
2026-03-23 13:03:36.517931,,,block_end
2026-03-23 13:04:11.199771,,,block_start
2026-03-23 13:04:12.836563,,,start
2026-03-23 13:04:12.838211,,,start
2026-03-23 13:04:40.314336,,,exit
2026-03-23 13:04:53.921574,,,block_end
2026-03-23 13:06:07.186648,,,block_start
2026-03-23 13:06:08.646009,,,start
2026-03-23 13:06:08.647515,,,start
2026-03-23 13:06:21.818003,,,exit
2026-03-23 13:06:23.407922,,,block_end
2026-03-23 13:07:04.601698,,,block_start
2026-03-23 13:07:08.298751,,,start
2026-03-23 13:07:31.404659,,,exit
2026-03-23 13:07:34.499359,,,block_end
2026-03-23 13:07:57.161206,,,block_start
2026-03-23 13:08:02.236765,,,start
2026-03-23 13:08:02.238735,,,start
2026-03-23 13:08:07.763120,,,exit
2026-03-23 13:08:15.364863,,,block_end
2026-03-23 13:08:34.512852,,,block_start
2026-03-23 13:08:36.734623,,,start
2026-03-23 13:08:36.736997,,,start
2026-03-23 13:08:46.091427,,,eat
2026-03-23 13:09:13.875027,,,start
2026-03-23 13:09:20.702810,,,drink
2026-03-23 13:09:24.786155,,,start
2026-03-23 13:09:30.378841,,,eat
2026-03-23 13:09:44.390549,,,start
2026-03-23 13:10:51.060566,,,drink
2026-03-23 13:10:57.151736,,,start
2026-03-23 13:11:00.139453,,,exit
2026-03-23 13:11:01.723963,,,block_end
2026-03-23 13:11:44.924808,,,block_start
2026-03-23 13:11:46.660114,,,start
2026-03-23 13:11:58.338596,,,exit
2026-03-23 13:12:01.433388,,,block_end
2026-03-23 13:12:15.072514,,,block_start
2026-03-23 13:12:16.915026,,,start
2026-03-23 13:12:30.835551,,,eat
2026-03-23 13:12:43.296065,,,start
2026-03-23 13:12:50.116791,,,eat
2026-03-23 13:13:04.151376,,,start
2026-03-23 13:13:14.271203,,,exit
2026-03-23 13:13:25.377938,,,block_end
2026-03-23 13:14:41.144599,,,block_start
2026-03-23 13:14:42.678651,,,start
2026-03-23 13:14:42.680190,,,start
2026-03-23 13:14:52.263100,,,exit
2026-03-23 13:14:57.365378,,,block_end
2026-03-23 13:15:38.567013,,,block_start
2026-03-23 13:15:40.445192,,,start
2026-03-23 13:16:46.953401,,,exit
2026-03-23 13:16:49.040546,,,block_end
2026-03-23 13:18:14.822328,,,block_start
2026-03-23 13:18:20.613745,,,start
2026-03-23 13:19:21.496839,,,exit
2026-03-23 13:19:23.590829,,,block_end
2026-03-23 13:20:08.295676,,,block_start
2026-03-23 13:20:10.900973,,,start
2026-03-23 13:20:14.936303,,,drink
2026-03-23 13:20:21.897737,,,start
2026-03-23 13:20:41.741563,,,exit
2026-03-23 13:20:43.336320,,,block_end
2026-03-23 13:21:03.487158,,,block_start
2026-03-23 13:21:05.404384,,,start
2026-03-23 13:21:37.520942,,,drink
2026-03-23 13:21:38.926446,,,start
2026-03-23 13:21:44.138167,,,exit
2026-03-23 13:21:50.735903,,,block_end
2026-03-23 13:22:02.870110,,,block_start
2026-03-23 13:22:05.406395,,,start
2026-03-23 13:22:05.407890,,,start
2026-03-23 13:22:33.646202,,,exit
2026-03-23 13:22:35.238401,,,block_end
2026-03-23 13:24:45.607472,,,block_start
2026-03-23 13:24:49.443970,,,start
2026-03-23 13:24:49.445633,,,start
2026-03-23 13:26:08.901745,,,exit
2026-03-23 13:26:10.994353,,,block_end
2026-03-23 13:26:29.653186,,,block_start
2026-03-23 13:26:32.887421,,,start
2026-03-23 13:26:32.889170,,,start
2026-03-23 13:27:12.690671,,,exit
2026-03-23 13:27:14.276443,,,block_end
2026-03-23 13:27:47.461522,,,block_start
2026-03-23 13:27:49.295344,,,start
2026-03-23 13:27:49.297305,,,start
2026-03-23 13:27:57.141009,,,eat
2026-03-23 13:28:08.579022,,,start
2026-03-23 13:28:12.871226,,,exit
2026-03-23 13:28:16.465873,,,block_end
2026-03-23 13:28:59.161542,,,block_start
2026-03-23 13:29:01.877360,,,start
2026-03-23 13:29:07.226343,,,eat
2026-03-23 13:29:18.700164,,,start
2026-03-23 13:29:24.253942,,,drink
2026-03-23 13:29:26.491110,,,start
2026-03-23 13:29:31.707321,,,eat
2026-03-23 13:29:44.610398,,,start
2026-03-23 13:31:51.090571,,,drink
2026-03-23 13:32:02.189882,,,start
2026-03-23 13:32:06.674199,,,exit
2026-03-23 13:32:08.761506,,,block_end
2026-03-23 13:33:13.508305,,,block_start
2026-03-23 13:33:15.168854,,,start
2026-03-23 13:33:15.170823,,,start
2026-03-23 13:34:39.825884,,,eat
2026-03-23 13:34:51.251504,,,start
2026-03-23 13:34:56.086387,,,drink
2026-03-23 13:35:03.201037,,,start
2026-03-23 13:35:12.316606,,,eat
2026-03-23 13:35:45.798032,,,start
2026-03-23 13:37:33.382753,,,exit
2026-03-23 13:38:00.516514,,,block_end
2026-03-23 13:38:30.694025,,,block_start
2026-03-23 13:38:32.317739,,,start
2026-03-23 13:39:57.675622,,,exit
2026-03-23 13:39:59.261457,,,block_end
2026-03-23 13:40:49.979046,,,block_start
2026-03-23 13:40:51.370870,,,start
2026-03-23 13:40:51.373233,,,start
2026-03-23 13:41:55.434649,,,exit
2026-03-23 13:41:58.029893,,,block_end
2026-03-23 13:42:33.715680,,,block_start
2026-03-23 13:42:36.837546,,,start
2026-03-23 13:42:36.839001,,,start
2026-03-23 13:42:40.765053,,,drink
2026-03-23 13:42:43.220645,,,start
2026-03-23 13:43:11.461132,,,exit
2026-03-23 13:43:13.048989,,,block_end
2026-03-24 12:22:49.784702,,,initialize
2026-03-24 13:02:13.372227,,,initialize
2026-03-24 13:03:18.588653,,,block_start
2026-03-24 13:03:19.780694,,,start
2026-03-24 13:03:25.802134,,,exit
2026-03-24 13:03:30.391465,,,block_end
2026-03-24 13:03:40.028932,,,block_start
2026-03-24 13:03:41.298358,,,start
2026-03-24 13:03:41.300162,,,start
2026-03-24 13:04:02.681089,,,exit
2026-03-24 13:04:05.269938,,,block_end
2026-03-24 13:04:31.942656,,,block_start
2026-03-24 13:04:33.255231,,,start
2026-03-24 13:05:37.065012,,,exit
2026-03-24 13:05:40.658893,,,block_end
2026-03-24 13:05:51.300165,,,block_start
2026-03-24 13:05:56.257071,,,start
2026-03-24 13:05:56.259298,,,start
2026-03-24 13:06:38.459859,,,eat
2026-03-24 13:06:49.046764,,,start
2026-03-24 13:06:54.377571,,,drink
2026-03-24 13:06:58.170987,,,start
2026-03-24 13:07:00.028874,,,exit
2026-03-24 13:07:02.126331,,,block_end
2026-03-24 13:07:47.834296,,,block_start
2026-03-24 13:07:50.792463,,,start
2026-03-24 13:08:00.669383,,,eat
2026-03-24 13:08:15.511103,,,start
2026-03-24 13:09:06.856527,,,exit
2026-03-24 13:09:08.947867,,,block_end
2026-03-24 13:09:43.628742,,,block_start
2026-03-24 13:09:45.977377,,,start
2026-03-24 13:10:00.145042,,,exit
2026-03-24 13:10:03.740374,,,block_end
2026-03-24 13:10:33.917311,,,block_start
2026-03-24 13:10:35.470016,,,start
2026-03-24 13:10:40.116784,,,drink
2026-03-24 13:10:59.661075,,,start
2026-03-24 13:11:26.520618,,,eat
2026-03-24 13:11:37.595912,,,start
2026-03-24 13:11:53.666684,,,eat
2026-03-24 13:11:58.677993,,,start
2026-03-24 13:12:09.043803,,,exit
2026-03-24 13:12:11.631452,,,block_end
2026-03-24 13:12:52.823980,,,block_start
2026-03-24 13:12:55.367953,,,start
2026-03-24 13:12:55.369470,,,start
2026-03-24 13:13:38.654977,,,exit
2026-03-24 13:13:43.247435,,,block_end
2026-03-24 13:14:04.905198,,,block_start
2026-03-24 13:14:07.661517,,,start
2026-03-24 13:14:07.663299,,,start
2026-03-24 13:14:18.710709,,,exit
2026-03-24 13:14:44.351865,,,block_end
2026-03-24 13:15:34.062773,,,block_start
2026-03-24 13:15:35.597132,,,start
2026-03-24 13:15:50.880551,,,eat
2026-03-24 13:16:00.225089,,,start
2026-03-24 13:16:19.446085,,,eat
2026-03-24 13:16:30.093357,,,start
2026-03-24 13:16:43.067464,,,eat
2026-03-24 13:17:12.302371,,,start
2026-03-24 13:18:06.478261,,,exit
2026-03-24 13:18:08.571409,,,block_end
2026-03-24 13:18:43.754250,,,block_start
2026-03-24 13:18:46.068769,,,start
2026-03-24 13:18:51.297472,,,drink
2026-03-24 13:18:54.984014,,,start
2026-03-24 13:19:09.957877,,,eat
2026-03-24 13:19:24.772268,,,start
2026-03-24 13:20:25.514192,,,exit
2026-03-24 13:20:27.605919,,,block_end
2026-03-24 13:20:45.260858,,,block_start
2026-03-24 13:20:50.615278,,,start
2026-03-24 13:20:50.618648,,,start
2026-03-24 13:21:12.966493,,,exit
2026-03-24 13:21:15.560339,,,block_end
2026-03-24 13:22:04.270534,,,block_start
2026-03-24 13:22:06.395615,,,start
2026-03-24 13:22:06.397375,,,start
2026-03-24 13:22:32.825821,,,eat
2026-03-24 13:22:53.193557,,,start
2026-03-24 13:23:30.033874,,,drink
2026-03-24 13:23:34.357417,,,start
2026-03-24 13:23:38.896077,,,eat
2026-03-24 13:23:45.824769,,,start
2026-03-24 13:24:09.606015,,,exit
2026-03-24 13:24:11.189955,,,block_end
2026-03-24 13:24:56.399035,,,block_start
2026-03-24 13:24:59.659992,,,start
2026-03-24 13:24:59.662212,,,start
2026-03-24 13:26:00.647489,,,eat
2026-03-24 13:26:55.754369,,,start
2026-03-24 13:27:35.272237,,,drink
2026-03-24 13:27:37.212506,,,start
2026-03-24 13:29:15.279191,,,exit
2026-03-24 13:29:17.864503,,,block_end
2026-03-24 13:30:53.666964,,,block_start
2026-03-24 13:31:00.738786,,,start
2026-03-24 13:31:00.740845,,,start
2026-03-24 13:31:07.556393,,,eat
2026-03-24 13:31:11.447066,,,start
2026-03-24 13:31:28.889867,,,eat
2026-03-24 13:31:56.947720,,,start
2026-03-24 13:32:51.384703,,,exit
2026-03-24 13:32:55.475412,,,block_end
2026-03-24 13:33:17.634421,,,block_start
2026-03-24 13:33:19.735851,,,start
2026-03-24 13:33:19.738061,,,start
2026-03-24 13:34:29.490512,,,drink
2026-03-24 13:34:32.651379,,,start
2026-03-24 13:34:48.997819,,,exit
2026-03-24 13:34:50.584916,,,block_end
2026-03-24 13:36:09.861291,,,block_start
2026-03-24 13:36:12.674621,,,start
2026-03-24 13:37:48.439468,,,exit
2026-03-24 13:37:51.030394,,,block_end
2026-03-24 13:38:29.226521,,,block_start
2026-03-24 13:38:31.394202,,,start
2026-03-24 13:39:22.870560,,,drink
2026-03-24 13:39:27.467786,,,start
2026-03-24 13:40:28.294060,,,exit
2026-03-24 13:40:29.885351,,,block_end
2026-03-24 13:40:52.545617,,,block_start
2026-03-24 13:40:57.025846,,,start
2026-03-24 13:40:57.027943,,,start
2026-03-24 13:41:39.944211,,,eat
2026-03-24 13:41:53.125666,,,start
2026-03-24 13:42:22.861783,,,drink
2026-03-24 13:42:26.915648,,,start
2026-03-24 13:42:48.008120,,,exit
2026-03-24 13:42:49.603366,,,block_end
2026-03-24 13:43:34.306906,,,block_start
2026-03-24 13:43:35.656885,,,start
2026-03-24 13:44:27.365453,,,exit
2026-03-24 13:44:28.957448,,,block_end
2026-03-25 12:21:11.263548,,,initialize
2026-03-25 13:35:30.765910,,,initialize
2026-03-25 13:38:05.170766,,,block_start
2026-03-25 13:38:10.246520,,,start
2026-03-25 13:42:39.522702,,,exit
2026-03-25 13:44:41.855308,,,block_end
2026-03-25 13:55:47.302752,,,block_start
2026-03-25 13:56:07.439105,,,start
2026-03-25 13:56:34.695780,,,exit
2026-03-25 13:56:38.790882,,,block_end
2026-03-25 14:03:56.778934,,,block_start
2026-03-25 14:04:00.127341,,,start
2026-03-25 14:04:00.129252,,,start
2026-03-25 14:06:50.944134,,,exit
2026-03-25 14:07:05.057002,,,block_end
2026-03-26 12:18:33.702279,,,initialize
2026-03-26 13:15:26.208285,,,initialize
2026-03-26 13:18:08.619007,,,block_start
2026-03-26 13:18:10.998368,,,start
2026-03-26 13:18:11.000388,,,start
2026-03-26 13:27:41.087713,,,eat
2026-03-26 13:28:12.000120,,,start
2026-03-26 18:26:22.072614,,,initialize
2026-03-30 14:11:46.538926,,,initialize
2026-03-30 15:23:58.661562,,,initialize
2026-04-01 12:58:56.140878,,,initialize
2026-04-01 13:05:29.523226,,,block_start
2026-04-01 13:05:32.179841,,,start
2026-04-01 13:05:32.181613,,,start
2026-04-01 13:05:48.355201,,,exit
2026-04-01 13:05:50.448338,,,block_end
2026-04-01 13:06:27.136015,,,block_start
2026-04-01 13:06:29.149216,,,start
2026-04-01 13:07:05.441744,,,exit
2026-04-01 13:07:08.036822,,,block_end
2026-04-01 13:09:24.923877,,,block_start
2026-04-01 13:09:27.375082,,,start
2026-04-01 13:10:08.312909,,,eat
2026-04-01 13:10:44.274659,,,start
2026-04-01 13:12:17.857644,,,exit
2026-04-01 13:12:31.473350,,,block_end
2026-04-01 13:15:06.395956,,,block_start
2026-04-01 13:15:08.980698,,,start
2026-04-01 13:15:08.982950,,,start
2026-04-01 13:16:51.843074,,,exit
2026-04-01 13:17:01.951501,,,block_end
2026-04-01 13:27:31.320134,,,block_start
2026-04-01 13:27:38.717197,,,start
2026-04-01 13:28:25.741115,,,eat
2026-04-01 13:29:08.130482,,,start
2026-04-01 13:29:26.365985,,,eat
2026-04-01 13:30:24.979941,,,start
2026-04-01 13:30:55.277742,,,exit
2026-04-01 13:31:31.433920,,,block_end
2026-04-01 13:32:59.725162,,,block_start
2026-04-01 13:33:17.308752,,,start
2026-04-01 13:35:10.036364,,,exit
2026-04-01 13:35:13.123959,,,block_end
2026-04-01 13:38:30.139537,,,block_start
2026-04-01 13:38:41.611042,,,start
2026-04-01 13:38:41.613019,,,start
2026-04-01 13:41:31.367038,,,exit
2026-04-01 13:47:29.166020,,,block_end
2026-04-03 12:44:21.277040,,,initialize
2026-04-03 13:55:31.952480,,,initialize
2026-04-03 14:54:45.526756,,,initialize
2026-04-03 15:06:54.393542,,,initialize
2026-04-03 15:29:28.211200,,,initialize
2026-04-03 15:39:40.022566,,,block_start
2026-04-03 15:39:44.740471,,,start
2026-04-03 15:40:16.938972,,,eat
2026-04-03 15:40:43.617327,,,start
2026-04-03 15:43:57.860471,,,eat
2026-04-03 15:46:16.996314,,,start
2026-04-03 15:48:32.265579,,,exit
2026-04-03 15:49:48.503389,,,block_end
2026-04-03 15:51:30.327575,,,block_start
2026-04-03 15:51:33.285131,,,start
2026-04-03 15:51:33.286614,,,start
2026-04-03 15:51:44.026254,,,eat
2026-04-03 15:52:16.231520,,,start
2026-04-03 15:52:49.302760,,,eat
2026-04-03 15:53:28.658584,,,start
2026-04-03 15:54:25.508999,,,eat
2026-04-03 15:55:29.373855,,,start
2026-04-03 15:58:04.301053,,,eat
2026-04-03 15:58:29.265870,,,start
2026-04-03 15:59:29.739339,,,eat
2026-04-03 15:59:41.858455,,,start
2026-04-03 16:01:14.298954,,,exit
2026-04-03 16:01:35.420433,,,block_end
2026-04-06 12:48:43.405281,,,initialize
2026-04-06 14:09:42.989371,,,initialize
2026-04-06 14:13:54.087138,,,block_start
2026-04-06 14:13:55.805392,,,start
2026-04-06 14:14:09.466521,,,exit
2026-04-06 14:14:12.052913,,,block_end
2026-04-06 14:15:24.315584,,,block_start
2026-04-06 14:15:26.343744,,,start
2026-04-06 14:15:59.745703,,,exit
2026-04-06 14:16:01.829500,,,block_end
2026-04-06 14:17:08.575224,,,block_start
2026-04-06 14:17:10.990355,,,start
2026-04-06 14:17:10.992495,,,start
2026-04-06 14:18:56.026502,,,exit
2026-04-06 14:18:58.620410,,,block_end
2026-04-06 14:21:24.027571,,,block_start
2026-04-06 14:21:26.060741,,,start
2026-04-06 14:21:26.063009,,,start
2026-04-06 14:23:51.565734,,,exit
2026-04-06 14:23:54.660401,,,block_end
2026-04-06 14:25:45.495390,,,block_start
2026-04-06 14:25:47.102665,,,start
2026-04-06 14:26:38.802206,,,eat
2026-04-06 14:27:01.752101,,,start
2026-04-06 14:27:33.569233,,,eat
2026-04-06 14:27:51.729472,,,start
2026-04-06 14:28:25.602828,,,eat
2026-04-06 14:28:48.782828,,,start
2026-04-06 14:29:05.020293,,,eat
2026-04-06 14:29:18.255129,,,start
2026-04-06 14:29:58.609706,,,exit
2026-04-06 14:30:01.203334,,,block_end
2026-04-06 14:32:50.153574,,,block_start
2026-04-06 14:32:52.159210,,,start
2026-04-06 14:33:10.960557,,,eat
2026-04-06 14:33:24.693214,,,start
2026-04-06 14:33:52.033365,,,eat
2026-04-06 14:34:18.042511,,,start
2026-04-06 14:36:46.754749,,,exit
2026-04-06 14:36:48.844371,,,block_end
2026-04-06 14:40:30.405026,,,block_start
2026-04-06 14:40:32.561493,,,start
2026-04-06 14:40:32.562954,,,start
2026-04-06 14:42:09.503080,,,eat
2026-04-06 14:43:05.034196,,,start
2026-04-06 14:43:09.302517,,,eat
2026-04-06 14:43:28.833814,,,start
2026-04-06 14:43:36.562103,,,eat
2026-04-06 14:44:12.344554,,,start
2026-04-06 14:44:22.896966,,,eat
2026-04-06 14:44:39.377916,,,start
2026-04-06 14:44:59.300146,,,eat
2026-04-06 14:45:05.724114,,,start
2026-04-06 14:45:25.981436,,,exit
2026-04-06 14:45:26.995058,,,block_end
2026-04-06 14:52:43.147272,,,initialize
2026-04-07 16:13:04.747726,,,initialize
2026-04-07 16:27:45.232619,,,block_start
2026-04-07 16:27:47.615976,,,start
2026-04-07 16:32:24.178002,,,exit
2026-04-07 16:32:31.780885,,,block_end
2026-04-07 16:32:44.919820,,,block_start
2026-04-07 16:32:46.402331,,,start
2026-04-07 16:34:22.840788,,,eat
2026-04-07 16:34:46.406111,,,start
2026-04-07 16:35:02.604809,,,eat
2026-04-07 16:36:03.120819,,,start
2026-04-07 16:36:31.310974,,,exit
2026-04-07 16:36:35.899430,,,block_end
2026-04-07 16:36:58.060191,,,block_start
2026-04-07 16:37:00.006233,,,start
2026-04-07 16:37:00.008348,,,start
2026-04-07 16:37:20.345862,,,exit
2026-04-07 16:37:32.450983,,,block_end
2026-04-07 16:37:54.610514,,,block_start
2026-04-07 16:39:13.278647,,,start
2026-04-07 16:39:54.241138,,,eat
2026-04-07 16:40:17.346228,,,start
2026-04-07 16:40:44.045849,,,eat
2026-04-07 16:41:36.132456,,,start
2026-04-07 16:42:51.007734,,,eat
2026-04-07 16:43:16.103794,,,start
2026-04-07 16:43:28.530002,,,eat
2026-04-07 16:44:10.941451,,,start
2026-04-07 16:44:42.434233,,,eat
2026-04-07 16:44:56.925829,,,start
2026-04-07 16:44:59.683111,,,exit
2026-04-07 16:45:33.330436,,,block_end
2026-04-07 16:48:00.244689,,,block_start
2026-04-07 16:48:02.737986,,,start
2026-04-07 16:50:52.740267,,,eat
2026-04-07 16:51:10.799926,,,start
2026-04-07 16:51:48.897461,,,eat
2026-04-07 16:53:57.653023,,,start
2026-04-07 16:54:25.300287,,,eat
2026-04-07 16:54:39.368632,,,start
2026-04-07 16:55:28.964471,,,eat
2026-04-07 16:57:11.871486,,,start
2026-04-07 16:58:36.099766,,,eat
2026-04-07 16:59:08.563330,,,start
2026-04-07 16:59:31.253864,,,eat
2026-04-07 16:59:45.194624,,,start
2026-04-07 17:01:36.769365,,,eat
2026-04-07 17:01:41.734148,,,start
2026-04-07 17:03:05.248008,,,eat
2026-04-07 17:03:19.459105,,,start
2026-04-07 17:04:02.550840,,,eat
2026-04-07 17:04:14.873917,,,start
2026-04-07 17:04:48.129322,,,eat
2026-04-07 17:05:19.464569,,,start
2026-04-07 17:06:41.105371,,,exit
2026-04-07 17:06:46.700873,,,block_end
2026-04-07 17:10:00.205678,,,block_start
2026-04-07 17:10:02.940116,,,start
2026-04-07 17:10:02.942307,,,start
2026-04-07 17:10:41.092755,,,eat
2026-04-07 17:11:00.210087,,,start
2026-04-07 17:11:27.058605,,,eat
2026-04-07 17:12:05.869417,,,start
2026-04-07 17:12:30.243270,,,eat
2026-04-07 17:13:28.909406,,,start
2026-04-07 17:14:16.102058,,,eat
2026-04-07 17:14:59.172285,,,start
2026-04-07 17:16:22.095509,,,exit
2026-04-07 17:16:50.237395,,,block_end
2026-04-07 17:18:06.502679,,,block_start
2026-04-07 17:18:09.947145,,,start
2026-04-07 17:21:50.309179,,,exit
2026-04-07 17:21:52.393432,,,block_end
2026-04-07 17:26:37.083094,,,block_start
2026-04-07 17:26:38.926062,,,start
2026-04-07 17:26:38.927542,,,start
2026-04-07 17:28:25.711834,,,eat
2026-04-07 17:29:01.788198,,,start
2026-04-07 17:29:02.737497,,,eat
2026-04-07 17:29:27.623446,,,start
2026-04-07 17:29:42.597510,,,eat
2026-04-07 17:30:33.056393,,,start
2026-04-07 17:31:02.996106,,,eat
2026-04-07 17:31:25.394578,,,start
2026-04-07 17:31:30.201340,,,exit
2026-04-07 17:31:32.297304,,,block_end
2026-04-07 17:32:43.554033,,,block_start
2026-04-07 17:32:45.410497,,,start
2026-04-07 17:32:45.412247,,,start
2026-04-07 17:32:49.568215,,,eat
2026-04-07 17:33:08.203593,,,start
2026-04-07 17:33:22.485171,,,eat
2026-04-07 17:34:24.217579,,,start
2026-04-07 17:34:35.026045,,,eat
2026-04-07 17:36:00.467520,,,start
2026-04-07 17:36:07.043295,,,eat
2026-04-07 17:36:29.313269,,,start
2026-04-07 17:36:55.650447,,,eat
2026-04-07 17:37:14.120572,,,start
2026-04-07 17:37:37.953738,,,eat
2026-04-07 17:37:49.402373,,,start
2026-04-07 17:37:57.654506,,,eat
2026-04-07 17:38:06.023668,,,start
2026-04-07 17:38:44.249635,,,eat
2026-04-07 17:39:04.238646,,,start
2026-04-07 17:39:17.347257,,,exit
2026-04-07 17:39:19.437459,,,block_end
2026-04-07 17:42:28.927948,,,block_start
2026-04-07 17:42:30.456428,,,start
2026-04-07 17:42:30.458489,,,start
2026-04-07 17:45:28.889996,,,eat
2026-04-07 17:47:03.148174,,,start
2026-04-07 17:52:13.908619,,,eat
2026-04-07 17:52:45.592360,,,start
2026-04-07 17:52:56.185844,,,eat
2026-04-07 17:53:32.222842,,,start
2026-04-07 17:53:39.312471,,,exit
2026-04-07 17:53:40.901372,,,block_end
2026-04-07 17:55:44.763267,,,block_start
2026-04-07 17:55:47.455084,,,start
2026-04-07 17:56:21.265850,,,eat
2026-04-07 17:56:32.959741,,,start
2026-04-07 17:56:50.820171,,,eat
2026-04-07 17:57:17.725369,,,start
2026-04-07 17:59:06.952690,,,eat
2026-04-07 17:59:26.739143,,,start
2026-04-07 18:00:11.821720,,,eat
2026-04-07 18:00:40.549936,,,start
2026-04-07 18:01:25.444810,,,eat
2026-04-07 18:02:32.303333,,,start
2026-04-07 18:02:42.357008,,,exit
2026-04-07 18:02:44.953425,,,block_end
2026-04-08 13:31:04.244702,,,initialize
2026-04-08 14:42:14.629010,,,initialize
2026-04-08 14:50:08.662619,,,block_start
2026-04-08 14:50:10.238628,,,start
2026-04-08 14:50:10.240982,,,start
2026-04-08 14:51:33.880147,,,exit
2026-04-08 14:51:36.970956,,,block_end
2026-04-08 14:51:44.099491,,,block_start
2026-04-08 14:51:45.439469,,,start
2026-04-08 14:57:03.118256,,,eat
2026-04-08 14:57:41.642746,,,start
2026-04-08 14:57:50.806544,,,eat
2026-04-08 14:58:15.881428,,,start
2026-04-08 14:58:26.430855,,,eat
2026-04-08 14:58:49.595779,,,start
2026-04-08 14:58:54.653266,,,eat
2026-04-08 14:59:11.573821,,,start
2026-04-08 14:59:17.757266,,,eat
2026-04-08 14:59:33.828766,,,start
2026-04-08 15:01:48.035671,,,eat
2026-04-08 15:02:03.650597,,,start
2026-04-08 15:02:20.292132,,,eat
2026-04-08 15:02:35.315194,,,start
2026-04-08 15:03:28.937672,,,eat
2026-04-08 15:03:52.588957,,,start
2026-04-08 15:05:31.490023,,,exit
2026-04-08 15:05:37.591814,,,block_end
2026-04-08 15:06:45.846496,,,block_start
2026-04-08 15:06:47.814903,,,start
2026-04-08 15:07:03.822369,,,eat
2026-04-08 15:07:33.467928,,,start
2026-04-08 15:08:03.119674,,,exit
2026-04-08 15:08:45.787374,,,block_end
2026-04-08 15:12:09.811357,,,block_start
2026-04-08 15:12:11.702691,,,start
2026-04-08 15:12:11.704759,,,start
2026-04-08 15:12:38.182178,,,eat
2026-04-08 15:13:23.725565,,,start
2026-04-08 15:13:55.352911,,,eat
2026-04-08 15:14:12.251227,,,start
2026-04-08 15:15:20.570914,,,eat
2026-04-08 15:15:39.135885,,,start
2026-04-08 15:16:00.213687,,,eat
2026-04-08 15:16:35.054873,,,start
2026-04-08 15:16:47.112713,,,eat
2026-04-08 15:17:16.100807,,,start
2026-04-08 15:18:46.159156,,,exit
2026-04-08 15:18:51.754953,,,block_end
2026-04-08 15:21:23.169744,,,block_start
2026-04-08 15:21:25.154182,,,start
2026-04-08 15:22:33.214025,,,eat
2026-04-08 15:22:51.196140,,,start
2026-04-08 15:23:08.208569,,,eat
2026-04-08 15:23:36.637835,,,start
2026-04-08 15:23:54.753457,,,eat
2026-04-08 15:24:25.823219,,,start
2026-04-08 15:24:37.896154,,,eat
2026-04-08 15:26:10.656947,,,start
2026-04-08 15:26:46.124508,,,eat
2026-04-08 15:27:02.502058,,,start
2026-04-08 15:27:43.612976,,,eat
2026-04-08 15:27:57.854798,,,start
2026-04-08 15:28:14.223499,,,eat
2026-04-08 15:28:35.116174,,,start
2026-04-08 15:28:44.073,,,eat
2026-04-08 15:29:02.875628,,,start
2026-04-08 15:30:48.850112,,,eat
2026-04-08 15:31:08.234203,,,start
2026-04-08 15:31:27.725969,,,exit
2026-04-08 15:31:38.836352,,,block_end
2026-04-08 15:33:16.647335,,,block_start
2026-04-08 15:33:18.400950,,,start
2026-04-08 15:33:18.402690,,,start
2026-04-08 15:34:40.025417,,,eat
2026-04-08 15:34:59.329502,,,start
2026-04-08 15:35:39.849792,,,eat
2026-04-08 15:35:51.435261,,,start
2026-04-08 15:39:05.665102,,,eat
2026-04-08 15:39:22.586063,,,start
2026-04-08 15:40:26.156951,,,eat
2026-04-08 15:40:41.339314,,,start
2026-04-08 15:44:04.759821,,,exit
2026-04-08 15:44:09.348526,,,block_end
2026-04-08 15:44:48.545900,,,block_start
2026-04-08 15:44:50.355991,,,start
2026-04-08 15:45:49.329569,,,exit
2026-04-08 15:45:51.416400,,,block_end
2026-04-10 12:50:56.225785,,,initialize
2026-04-10 13:00:28.291304,,,initialize
2026-04-10 13:03:43.407696,,,initialize
2026-04-10 13:31:24.662498,,,initialize
2026-04-11 13:38:27.384217,,,initialize
2026-04-11 14:33:05.324733,,,initialize
2026-04-12 13:03:49.248509,,,initialize
2026-04-12 15:12:29.576719,,,initialize,0
2026-04-12 15:14:39.343629,,,initialize,0
2026-04-12 15:15:33.204717,,,initialize,0
2026-04-12 15:22:47.028667,,,initialize,0
2026-04-12 15:52:55.325266,,,initialize,0
2026-04-12 16:03:49.984280,,,initialize,0
2026-04-13 12:48:05.298551,,,initialize,0
2026-04-13 12:58:11.208303,,,initialize,0
2026-04-13 13:22:17.899926,,,initialize,0
2026-04-13 13:27:09.301798,,,initialize,0
2026-04-13 13:31:39.819233,,,initialize,0
2026-04-13 14:36:31.036203,,,initialize,0
2026-04-13 14:50:43.905088,,,initialize,80
2026-04-13 15:41:21.365390,,,initialize,0
2026-04-14 13:26:54.634108,,,initialize,0
2026-04-15 14:05:31.083729,,,initialize,0
2026-04-15 14:06:47.831089,,,initialize,0
2026-04-15 14:22:17.955363,,,initialize,0
2026-04-15 14:50:05.459238,,,initialize,0
2026-04-15 15:46:09.393239,,,initialize,0
2026-04-15 15:48:48.798682,,,initialize,0
2026-04-15 16:03:36.087068,,,initialize,0
2026-04-16 12:10:11.409875,,,initialize,0
2026-04-16 12:26:45.281824,,,initialize,0
2026-04-16 12:37:21.152237,,,initialize,0
2026-04-16 13:04:20.184144,,,initialize,0
2026-04-16 13:26:15.720721,,,initialize,0
2026-04-16 13:29:50.197787,,,initialize,0
2026-04-16 13:31:30.093253,,,initialize,0
2026-04-16 13:34:20.053338,,,initialize,0
2026-04-16 17:37:53.943127,,,initialize,0
2026-04-16 17:38:45.198918,,,initialize,0
2026-04-17 12:56:57.892525,,,initialize,0
2026-04-17 14:11:47.886418,,,initialize,161
2026-04-20 13:04:15.752928,,,initialize,0
2026-04-20 14:47:46.539555,,,initialize,62
2026-04-20 15:18:12.112405,,,initialize,0
2026-04-20 15:33:20.703444,,,initialize,0
2026-04-21 13:06:06.198838,,,initialize,1
2026-04-21 14:06:55.762185,,,initialize,0
2026-04-21 14:16:53.932454,,,initialize,0
2026-04-21 14:50:56.022697,,,initialize,2240
2026-04-21 14:57:32.143998,,,initialize,0
2026-04-21 15:12:41.378266,,,initialize,0
2026-04-21 15:32:17.455341,,,initialize,3356
2026-04-21 15:50:13.781273,,,initialize,0
2026-04-21 16:06:48.636465,,,initialize,0
2026-04-21 16:08:14.945896,,,initialize,0
2026-04-21 16:13:39.355534,,,initialize,0
2026-04-21 16:17:33.888329,,,initialize,0
2026-04-21 16:25:18.196574,,,initialize,0
2026-04-21 16:51:23.725067,,,initialize,0
2026-04-21 19:18:35.233714,,,initialize,138
2026-04-21 19:24:54.725890,,,initialize,94
2026-04-21 19:28:22.418886,,,initialize,92
2026-04-21 19:28:57.589281,,,initialize,85
2026-04-21 19:32:11.134211,,,initialize,117
2026-04-21 19:40:27.866232,,,initialize,124
2026-04-22 13:07:52.309909,,,initialize,0
2026-04-22 13:09:37.577256,,,initialize,0
2026-04-22 13:23:00.596579,,,initialize,0
2026-04-22 13:30:52.861164,,,initialize,0
2026-04-22 13:31:50.692414,,,initialize,0
2026-04-22 13:34:57.748564,,,initialize,0
2026-04-22 13:48:07.325922,,,initialize,0
2026-04-22 14:13:00.614856,,,initialize,0
2026-04-22 14:30:51.991502,,,initialize,0
2026-04-22 16:21:58.999419,,,initialize,0
2026-04-22 16:32:29.756401,,,initialize,0
2026-04-22 17:39:24.746511,,,initialize,0
2026-04-22 18:00:17.154346,,,initialize,0
2026-04-23 10:37:55.475282,,,initialize,0
2026-04-23 10:38:47.769312,,,initialize,0
2026-04-23 10:39:40.361831,,,initialize,0
2026-04-23 10:43:09.407761,,,initialize,0
2026-04-23 12:53:35.824042,,,initialize,0
2026-04-23 15:37:44.520516,,,initialize,0
2026-04-24 13:08:39.744453,,,initialize,0
2026-04-24 13:45:59.251505,,,initialize,0
2026-04-24 15:07:04.197140,,,initialize,0
2026-04-24 16:10:18.933217,,,initialize,0
2026-04-27 12:50:07.045547,,,initialize,0
2026-04-27 13:06:50.192491,,,initialize,0
2026-04-27 13:22:25.083749,,,block_start,0
2026-04-27 13:22:27.980434,,,start,1
2026-04-27 13:22:40.695432,,,exit,127
2026-04-27 13:22:44.285586,,,block_end,163
2026-04-27 13:22:45.459513,,,imaging_stop,165
2026-04-27 13:24:19.400844,,,initialize,0
2026-04-27 13:34:16.177352,,,block_start,0
2026-04-27 13:34:20.822239,,,start,8
2026-04-27 13:34:29.291747,,,exit,92
2026-04-27 13:34:32.885751,,,block_end,128
2026-04-27 13:34:34.043517,,,imaging_stop,130
2026-04-27 13:35:06.949173,,,block_start,0
2026-04-27 13:35:08.601868,,,start,0
2026-04-27 13:35:08.603433,,,start,0
2026-04-27 13:35:41.968587,,,eat,316
2026-04-27 13:36:03.033098,,,start,525
2026-04-27 13:36:08.712915,,,eat,581
2026-04-27 13:38:08.388349,,,start,1770
2026-04-27 13:39:14.754730,,,exit,2429
2026-04-27 13:39:31.869879,,,block_end,2599
2026-04-27 13:39:33.151511,,,imaging_stop,2602
2026-04-27 13:49:31.576099,,,block_start,0
2026-04-27 13:49:31.577045,,,start,0
2026-04-27 13:49:31.578636,,,exit,0
2026-04-27 13:49:49.705234,,,block_end,0
2026-04-27 13:49:49.735345,,,imaging_stop,0
2026-04-27 13:50:20.844423,,,initialize,0
2026-04-27 13:50:28.947216,,,block_start,0
2026-04-27 13:50:28.948306,,,start,0
2026-04-27 13:50:28.949294,,,exit,0
2026-04-27 13:50:44.565354,,,block_end,0
2026-04-27 13:50:44.595815,,,imaging_stop,0
2026-04-27 13:51:55.636072,,,initialize,0
2026-04-27 13:52:32.602275,,,initialize,0
2026-04-27 13:54:34.436869,,,block_start,0
2026-04-27 13:54:34.438111,,,start,0
2026-04-27 13:54:34.439921,,,exit,0
2026-04-27 13:54:47.044413,,,block_end,0
2026-04-27 13:54:47.074818,,,imaging_stop,0
2026-04-27 13:54:53.068513,,,block_start,0
2026-04-27 13:54:53.069430,,,start,0
2026-04-27 13:54:53.070828,,,exit,0
2026-04-27 13:55:07.182853,,,block_end,0
2026-04-27 13:55:07.213083,,,imaging_stop,0
2026-04-27 13:56:26.558790,,,block_start,0
2026-04-27 13:56:28.531290,,,start,0
2026-04-27 13:56:28.533154,,,start,0
2026-04-27 13:56:40.548200,,,eat,118
2026-04-27 13:58:20.579742,,,start,1111
2026-04-27 13:58:51.663750,,,eat,1419
2026-04-27 14:00:15.948048,,,start,2256
2026-04-27 14:01:21.397206,,,eat,2906
2026-04-27 14:06:12.047617,,,start,5792
2026-04-27 14:06:45.746253,,,eat,6127
2026-04-27 14:08:10.872956,,,start,6972
2026-04-27 14:08:12.346874,,,exit,6987
2026-04-27 14:08:24.459296,,,block_end,7107
2026-04-27 14:08:40.092513,,,imaging_stop,7254
2026-04-27 14:11:02.217402,,,initialize,0
2026-04-27 14:13:49.144367,,,block_start,0
2026-04-27 14:13:51.043130,,,start,0
2026-04-27 14:13:55.258376,,,eat,23
2026-04-27 14:15:51.095849,,,start,1173
2026-04-27 14:16:11.841980,,,exit,1379
2026-04-27 14:16:25.458751,,,block_end,1514
2026-04-27 14:18:38.225375,,,imaging_stop,2824
2026-04-27 14:22:35.693949,,,block_start,0
2026-04-27 14:22:42.694579,,,start,0
2026-04-27 14:22:55.934278,,,exit,33
2026-04-27 14:23:00.532305,,,block_end,74
2026-04-27 14:23:00.942511,,,imaging_stop,74
2026-04-27 14:31:04.997449,,,block_start,0
2026-04-27 14:31:07.268171,,,start,0
2026-04-27 14:31:15.642079,,,eat,74
2026-04-27 14:34:08.330289,,,start,1788
2026-04-27 14:34:31.860998,,,eat,2022
2026-04-27 14:42:26.084196,,,start,6731
2026-04-27 14:42:26.742931,,,exit,6738
2026-04-27 14:42:29.327444,,,block_end,6763
2026-04-27 14:42:33.883512,,,imaging_stop,6799
2026-04-27 14:56:27.507665,,,block_start,0
2026-04-27 14:56:31.106292,,,start,11
2026-04-27 14:57:53.546389,,,eat,829
2026-04-27 15:00:21.331016,,,start,2297
2026-04-27 15:01:10.565622,,,eat,2786
2026-04-27 15:04:40.062894,,,start,4866
2026-04-27 15:04:40.759457,,,exit,4873
2026-04-27 15:04:43.846886,,,block_end,4904
2026-04-27 15:09:31.147510,,,imaging_stop,7748
2026-04-27 15:13:14.378073,,,block_start,0
2026-04-27 15:13:18.985748,,,start,0
2026-04-27 15:13:24.815226,,,eat,57
2026-04-27 15:13:57.883103,,,start,385
2026-04-27 15:14:23.369758,,,eat,638
2026-04-27 15:16:21.601117,,,start,1812
2026-04-27 15:16:41.561971,,,eat,2010
2026-04-27 15:19:23.977783,,,start,3623
2026-04-27 15:20:59.511284,,,eat,4572
2026-04-27 15:23:21.972116,,,start,5986
2026-04-27 15:23:22.522448,,,exit,5992
2026-04-27 15:23:24.616783,,,block_end,6013
2026-04-27 15:24:11.936510,,,imaging_stop,6474
2026-04-27 15:35:14.526386,,,block_start,0
2026-04-27 15:35:16.927480,,,start,0
2026-04-27 15:35:35.378178,,,eat,183
2026-04-27 15:36:16.057855,,,start,587
2026-04-27 15:36:50.183954,,,eat,926
2026-04-27 15:37:04.342594,,,start,1066
2026-04-27 15:38:32.796361,,,eat,1945
2026-04-27 15:39:42.878688,,,start,2640
2026-04-27 15:41:33.181237,,,eat,3736
2026-04-27 15:42:23.955092,,,start,4240
2026-04-27 15:42:49.502608,,,eat,4494
2026-04-27 15:43:48.799945,,,start,5082
2026-04-27 15:43:49.381367,,,exit,5088
2026-04-27 15:43:52.980234,,,block_end,5124
2026-04-27 15:48:05.004513,,,imaging_stop,7617
2026-04-27 15:48:17.507341,,,block_start,0
2026-04-27 15:48:19.359395,,,start,0
2026-04-27 15:48:19.360960,,,start,0
2026-04-27 15:54:34.270633,,,exit,3708
2026-04-27 15:54:36.360338,,,block_end,3729
2026-04-27 15:54:43.101511,,,imaging_stop,3786
2026-04-27 15:55:35.983044,,,block_start,0
2026-04-27 15:55:39.324389,,,start,0
2026-04-27 15:55:39.326142,,,start,0
2026-04-27 15:57:06.711462,,,eat,864
2026-04-27 15:59:23.138734,,,start,2219
2026-04-27 15:59:39.069324,,,eat,2377
2026-04-27 16:00:16.776944,,,start,2752
2026-04-27 16:01:20.765138,,,eat,3387
2026-04-27 16:05:39.360555,,,start,5955
2026-04-27 16:05:56.296406,,,eat,6123
2026-04-27 16:08:00.036365,,,start,7352
2026-04-27 16:08:00.528336,,,exit,7357
2026-04-27 16:08:03.125295,,,block_end,7383
2026-04-27 16:09:09.085510,,,imaging_stop,8029
2026-04-27 16:10:55.470872,,,block_start,0
2026-04-27 16:10:57.607721,,,start,0
2026-04-27 16:10:57.609985,,,start,0
2026-04-27 16:11:05.724186,,,eat,75
2026-04-27 16:11:52.575829,,,start,540
2026-04-27 16:12:12.838011,,,eat,741
2026-04-27 16:12:54.267984,,,start,1152
2026-04-27 16:13:10.881983,,,eat,1317
2026-04-27 16:14:13.176464,,,start,1936
2026-04-27 16:14:30.229981,,,eat,2105
2026-04-27 16:15:25.504492,,,start,2654
2026-04-27 16:16:14.800992,,,eat,3144
2026-04-27 16:17:06.215256,,,start,3654
2026-04-27 16:17:29.104834,,,eat,3881
2026-04-27 16:18:55.859848,,,start,4743
2026-04-27 16:19:23.172121,,,eat,5014
2026-04-27 16:19:38.516612,,,start,5167
2026-04-27 16:19:59.890812,,,exit,5379
2026-04-27 16:20:01.485342,,,block_end,5395
2026-04-27 16:22:10.242459,,,imaging_stop,6663
2026-04-27 16:22:54.324395,,,block_start,0
2026-04-27 16:22:55.564532,,,start,0
2026-04-27 16:22:55.566244,,,start,0
2026-04-27 16:25:36.268054,,,eat,0
2026-04-27 16:25:58.814607,,,start,0
2026-04-27 16:26:34.406544,,,exit,0
2026-04-27 16:26:36.494868,,,block_end,0
2026-04-27 16:26:36.525912,,,imaging_stop,0
2026-04-28 13:04:39.619251,,,initialize,0
2026-04-28 13:24:53.734996,,,block_start,0
2026-04-28 13:24:55.490857,,,start,0
2026-04-28 13:26:21.820584,,,eat,830
2026-04-28 13:27:47.326572,,,start,1679
2026-04-28 13:28:13.432953,,,eat,1938
2026-04-28 13:29:37.241428,,,start,2712
2026-04-28 13:29:43.393271,,,exit,2712
2026-04-28 13:29:47.487311,,,block_end,2712
2026-04-28 13:29:47.517757,,,imaging_stop,2712
2026-04-28 13:32:08.267144,,,block_start,0
2026-04-28 13:32:12.328190,,,start,0
2026-04-28 13:35:57.092388,,,eat,2226
2026-04-28 13:44:08.096387,,,start,6410
2026-04-28 13:44:17.525553,,,eat,6410
2026-04-28 13:46:53.866586,,,start,6410
2026-04-28 13:47:30.448373,,,eat,6411
2026-04-28 13:48:01.270840,,,start,6411
2026-04-28 13:48:14.627483,,,eat,6411
2026-04-28 13:51:04.160407,,,start,6411
2026-04-28 13:51:35.156410,,,eat,6411
2026-04-28 13:51:59.084898,,,start,6411
2026-04-28 13:52:57.264379,,,eat,6411
2026-04-28 13:53:41.692607,,,start,6411
2026-04-28 13:54:09.026347,,,eat,6411
2026-04-28 13:54:44.061291,,,start,6411
2026-04-28 13:57:41.151500,,,eat,6411
2026-04-28 13:58:55.544965,,,start,6411
2026-04-28 13:59:31.302609,,,eat,6411
2026-04-28 13:59:59.056024,,,start,6411
2026-04-28 14:00:32.099062,,,eat,6411
2026-04-28 14:00:43.418824,,,start,6411
2026-04-28 14:00:52.470889,,,exit,6411
2026-04-28 14:00:58.571305,,,block_end,6411
2026-04-28 14:00:58.602422,,,imaging_stop,6411
2026-04-28 14:01:43.663069,,,block_start,0
2026-04-28 14:01:46.471829,,,start,0
2026-04-28 14:02:32.696870,,,eat,0
2026-04-28 14:02:46.896859,,,start,0
2026-04-28 14:04:21.151595,,,exit,0
2026-04-28 14:04:23.742303,,,block_end,0
2026-04-28 14:04:23.772858,,,imaging_stop,0
2026-04-28 14:28:30.135481,,,block_start,0
2026-04-28 14:28:31.750008,,,start,0
2026-04-28 14:30:16.159724,,,eat,0
2026-04-28 14:30:56.595599,,,start,0
2026-04-28 14:31:30.976839,,,eat,0
2026-04-28 14:31:58.631235,,,start,0
2026-04-28 14:32:14.465023,,,eat,0
2026-04-28 14:33:29.499834,,,start,0
2026-04-28 14:34:21.677289,,,eat,0
2026-04-28 14:35:58.493321,,,start,0
2026-04-28 14:36:43.345235,,,eat,0
2026-04-28 14:37:28.187749,,,start,0
2026-04-28 14:39:49.237819,,,eat,0
2026-04-28 14:40:06.419117,,,start,0
2026-04-28 14:45:01.427313,,,eat,0
2026-04-28 14:45:38.439071,,,start,0
2026-04-28 14:45:52.565215,,,eat,0
2026-04-28 14:47:09.256029,,,start,0
2026-04-28 15:25:06.403912,,,exit,0
2026-04-28 15:25:08.497753,,,block_end,0
2026-04-28 15:25:08.528932,,,imaging_stop,0
2026-04-28 15:25:13.002668,,,block_start,0
2026-04-28 15:25:15.752921,,,start,0
2026-04-28 15:25:15.754394,,,start,0
2026-04-28 15:28:12.890285,,,eat,0
2026-04-28 15:28:34.361063,,,start,0
2026-04-28 15:29:17.300814,,,eat,0
2026-04-28 15:29:51.837872,,,start,0
2026-04-28 15:36:17.705320,,,eat,0
2026-04-28 15:36:54.399557,,,start,0
2026-04-28 16:17:39.325548,,,exit,0
2026-04-28 16:17:41.419723,,,block_end,0
2026-04-28 16:17:41.450378,,,imaging_stop,0
2026-04-28 16:22:31.992630,,,block_start,0
2026-04-28 16:22:34.218060,,,start,0
2026-04-28 16:25:09.103663,,,eat,0
2026-04-28 16:26:30.148428,,,start,0
2026-04-28 16:26:47.842042,,,eat,0
2026-04-28 16:27:34.565235,,,start,0
2026-04-28 16:27:56.190731,,,eat,0
2026-04-28 16:28:22.367743,,,start,0
2026-04-28 16:28:34.261709,,,eat,0
2026-04-28 16:28:55.770773,,,start,0
2026-04-28 16:29:17.629228,,,eat,0
2026-04-28 16:29:26.029453,,,start,0
2026-04-28 16:29:34.579878,,,eat,0
2026-04-28 16:29:56.314977,,,start,0
2026-04-28 16:30:35.217961,,,eat,0
2026-04-28 16:31:07.771770,,,start,0
2026-04-28 16:34:06.435391,,,eat,0
2026-04-28 16:34:43.414490,,,start,0
2026-04-28 16:36:24.981900,,,eat,0
2026-04-28 16:36:57.475543,,,start,0
2026-04-28 16:37:02.515640,,,eat,0
2026-04-28 16:37:31.664505,,,start,0
2026-04-28 16:38:19.191444,,,eat,0
2026-04-28 16:38:42.700263,,,start,0
2026-04-28 16:40:11.213921,,,exit,0
2026-04-28 16:40:13.804319,,,block_end,0
2026-04-28 16:40:13.835752,,,imaging_stop,0
2026-04-28 16:42:03.525133,,,block_start,0
2026-04-28 16:42:05.691047,,,start,0
2026-04-28 16:43:26.591529,,,exit,0
2026-04-28 16:43:28.676915,,,block_end,0
2026-04-28 16:43:28.707317,,,imaging_stop,0
2026-04-29 12:54:04.287540,,,initialize,0
2026-04-29 13:04:20.018325,,,block_start,0
2026-04-29 13:04:21.604791,,,start,0
2026-04-29 13:07:07.955632,,,eat,0
2026-04-29 13:08:02.766219,,,start,0
2026-04-29 13:08:18.950122,,,eat,0
2026-04-29 13:10:41.698580,,,start,0
2026-04-29 13:14:55.798894,,,eat,0
2026-04-29 13:15:32.223460,,,start,0
2026-04-29 13:35:22.936482,,,eat,0
2026-04-29 13:38:38.514081,,,start,0
2026-04-29 13:39:10.574018,,,eat,0
2026-04-29 13:40:04.987248,,,start,0
2026-04-29 13:40:14.916944,,,eat,0
2026-04-29 13:40:51.637406,,,start,0
2026-04-29 13:43:36.316942,,,eat,0
2026-04-29 13:44:39.622062,,,start,0
2026-04-29 13:47:06.003725,,,eat,0
2026-04-29 13:47:42.489415,,,start,0
2026-04-29 13:50:15.926178,,,eat,0
2026-04-29 13:50:40.867430,,,start,0
2026-04-29 13:50:59.631663,,,eat,0
2026-04-29 13:51:54.971588,,,start,0
2026-04-29 13:53:06.995949,,,eat,0
2026-04-29 13:54:02.745165,,,start,0
2026-04-29 13:54:18.828668,,,eat,0
2026-04-29 13:55:47.131126,,,start,0
2026-04-29 14:00:24.111824,,,eat,0
2026-04-29 14:02:23.619304,,,start,0
2026-04-29 14:03:32.160289,,,eat,0
2026-04-29 14:04:01.812467,,,start,0
2026-04-29 14:04:27.095654,,,eat,0
2026-04-29 14:05:09.221857,,,start,0
2026-04-29 14:09:13.206093,,,eat,0
2026-04-29 14:11:56.565935,,,start,0
2026-04-29 14:12:09.800038,,,eat,0
2026-04-29 14:13:23.334446,,,start,0
2026-04-29 14:14:43.615329,,,eat,0
2026-04-29 14:15:12.696837,,,start,0
2026-04-29 14:17:09.197761,,,eat,0
2026-04-29 14:17:43.606759,,,start,0
2026-04-29 14:20:59.572386,,,eat,0
2026-04-29 14:21:17.745042,,,start,0
2026-04-29 14:21:39.876446,,,eat,0
2026-04-29 14:23:15.432842,,,start,0
2026-04-29 14:24:36.286193,,,eat,0
2026-04-29 14:27:06.451452,,,start,0
2026-04-29 14:28:19.541331,,,eat,0
2026-04-29 14:29:03.913806,,,start,0
2026-04-29 14:29:14.779248,,,exit,0
2026-04-29 14:29:19.380258,,,block_end,0
2026-04-29 14:29:19.410546,,,imaging_stop,0
2026-04-29 14:34:30.997578,,,block_start,0
2026-04-29 14:34:36.651283,,,start,0
2026-04-29 14:36:31.745917,,,eat,0
2026-04-29 14:37:07.989698,,,start,0
2026-04-29 14:37:54.098509,,,exit,0
2026-04-29 14:37:56.194274,,,block_end,0
2026-04-29 14:37:56.224616,,,imaging_stop,0
2026-04-29 14:51:02.756408,,,block_start,0
2026-04-29 14:51:05.381680,,,start,0
2026-04-29 14:51:05.383463,,,start,0
2026-04-29 14:51:15.746900,,,eat,0
2026-04-29 14:51:48.067863,,,start,0
2026-04-29 14:51:48.933170,,,eat,0
2026-04-29 14:51:49.176952,,,start,0
2026-04-29 14:52:19.887709,,,exit,0
2026-04-29 14:52:21.474858,,,block_end,0
2026-04-29 14:52:21.505342,,,imaging_stop,0
2026-04-30 11:07:23.119406,,,initialize,0
2026-04-30 12:56:23.580150,,,initialize,0
2026-04-30 13:02:15.303827,,,initialize,0
2026-04-30 14:04:55.821061,,,initialize,0
2026-04-30 15:55:54.603593,,,initialize,0
2026-05-01 12:56:25.947602,,,initialize,0
2026-05-01 13:44:47.006889,,,block_start,0
2026-05-01 13:44:49.391237,,,start,9
2026-05-01 13:45:43.904288,,,eat,551
2026-05-01 13:47:42.638354,,,start,1730
2026-05-01 13:47:55.909137,,,eat,1862
2026-05-01 13:49:20.521325,,,start,2702
2026-05-01 13:49:28.181074,,,eat,2778
2026-05-01 13:50:36.986107,,,start,3461
2026-05-01 13:50:45.224978,,,eat,3543
2026-05-01 13:51:15.033285,,,start,3839
2026-05-01 13:51:21.416599,,,eat,3902
2026-05-01 13:53:16.953067,,,start,5049
2026-05-01 13:53:38.923304,,,eat,5268
2026-05-01 13:55:29.250917,,,start,6363
2026-05-01 13:55:47.603555,,,eat,6545
2026-05-01 13:56:00.979201,,,start,6678
2026-05-01 13:56:19.528361,,,eat,6862
2026-05-01 13:56:33.440981,,,start,7000
2026-05-01 13:56:54.609144,,,eat,7211
2026-05-01 13:57:06.499936,,,start,7329
2026-05-01 13:57:07.988894,,,exit,7344
2026-05-01 13:57:10.583770,,,block_end,7369
2026-05-01 13:59:14.868512,,,imaging_stop,8595
2026-05-01 14:05:12.543128,,,block_start,0
2026-05-01 14:05:15.181799,,,start,0
2026-05-01 14:05:22.535880,,,eat,69
2026-05-01 14:05:54.938720,,,start,391
2026-05-01 14:06:24.600976,,,eat,686
2026-05-01 14:06:52.092132,,,start,959
2026-05-01 14:07:08.797891,,,eat,1124
2026-05-01 14:07:40.332823,,,start,1438
2026-05-01 14:08:09.561343,,,eat,1728
2026-05-01 14:08:47.258497,,,start,2102
2026-05-01 14:09:03.180348,,,eat,2260
2026-05-01 14:10:14.585112,,,start,2969
2026-05-01 14:15:23.240073,,,eat,6034
2026-05-01 14:17:30.001203,,,start,7293
2026-05-01 14:17:47.348566,,,eat,7465
2026-05-01 14:18:23.124621,,,start,7820
2026-05-01 14:18:35.168041,,,eat,7940
2026-05-01 14:19:14.263316,,,start,8328
2026-05-01 14:19:34.396634,,,exit,8528
2026-05-01 14:19:50.013309,,,block_end,8683
2026-05-01 14:22:17.582513,,,imaging_stop,10140
2026-05-01 14:30:31.298042,,,block_start,0
2026-05-01 14:30:34.325126,,,start,0
2026-05-01 14:31:07.257597,,,eat,313
2026-05-01 14:32:09.005293,,,start,926
2026-05-01 14:32:23.373481,,,eat,1069
2026-05-01 14:33:41.176980,,,start,1841
2026-05-01 14:33:54.709496,,,eat,1976
2026-05-01 14:34:19.413621,,,start,2221
2026-05-01 14:34:42.679278,,,eat,2452
2026-05-01 14:35:28.569670,,,start,2908
2026-05-01 14:35:40.412698,,,eat,3025
2026-05-01 14:38:03.852449,,,start,4450
2026-05-01 14:38:39.639309,,,eat,4805
2026-05-01 14:39:26.043992,,,start,5266
2026-05-01 14:39:35.121240,,,eat,5356
2026-05-01 14:40:04.752783,,,start,5650
2026-05-01 14:40:39.810629,,,eat,5998
2026-05-01 14:41:18.294252,,,start,6380
2026-05-01 14:42:34.555743,,,exit,7138
2026-05-01 14:49:51.517752,,,block_end,9131
2026-05-01 14:49:51.549487,,,imaging_stop,9131
2026-05-01 14:57:23.726274,,,block_start,0
2026-05-01 14:57:26.072635,,,start,0
2026-05-01 14:57:26.074348,,,start,0
2026-05-01 14:57:29.523653,,,exit,0
2026-05-01 14:57:33.120819,,,block_end,0
2026-05-01 14:57:33.152098,,,imaging_stop,0
2026-05-01 14:58:06.687237,,,block_start,0
2026-05-01 14:58:08.551994,,,start,0
2026-05-01 14:58:08.553646,,,start,0
2026-05-01 14:58:41.920908,,,eat,323
2026-05-01 15:05:26.212962,,,start,4338
2026-05-01 15:05:33.465084,,,eat,4410
2026-05-01 15:05:41.819718,,,start,4493
2026-05-01 15:05:57.992997,,,eat,4653
2026-05-01 15:07:41.148704,,,start,5678
2026-05-01 15:09:37.602600,,,exit,6834
2026-05-01 15:09:39.687883,,,block_end,6855
2026-05-01 15:13:04.995512,,,imaging_stop,8885
2026-05-01 15:19:54.927022,,,block_start,0
2026-05-01 15:19:57.154291,,,start,0
2026-05-01 15:19:57.155926,,,start,0
2026-05-01 15:20:00.831565,,,eat,27
2026-05-01 15:20:31.784109,,,start,334
2026-05-01 15:28:04.565631,,,exit,4830
2026-05-01 15:28:08.162761,,,block_end,4866
2026-05-01 15:29:39.884514,,,imaging_stop,5768
2026-05-01 17:22:18.316950,,,initialize,0
2026-05-01 17:31:37.293562,,,initialize,32
2026-05-04 19:00:46.067739,,,initialize,0
2026-05-05 12:47:56.987491,,,initialize,0
2026-05-05 13:30:24.175980,,,block_start,0
2026-05-05 13:30:28.078715,,,start,21
2026-05-05 13:30:35.835212,,,eat,98
2026-05-05 13:30:49.122181,,,start,230
2026-05-05 13:32:41.807391,,,eat,1349
2026-05-05 13:33:46.501285,,,start,1991
2026-05-05 13:34:13.918212,,,eat,2263
2026-05-05 13:35:58.001628,,,start,3297
2026-05-05 13:36:07.049575,,,eat,3387
2026-05-05 13:36:25.618603,,,start,3571
2026-05-05 13:36:36.281095,,,eat,3677
2026-05-05 13:36:50.604719,,,start,3819
2026-05-05 13:36:57.651149,,,eat,3889
2026-05-05 13:37:20.654297,,,start,4118
2026-05-05 13:38:40.436460,,,eat,4910
2026-05-05 13:39:06.999020,,,start,5174
2026-05-05 13:43:54.716700,,,exit,8031
2026-05-05 13:43:56.300876,,,block_end,8046
2026-05-05 13:50:02.881511,,,imaging_stop,11678
2026-05-05 14:18:02.390324,,,block_start,0
2026-05-05 14:18:04.366072,,,start,0
2026-05-05 14:18:04.367573,,,start,0
2026-05-05 14:18:12.548837,,,eat,76
2026-05-05 14:18:52.216246,,,start,470
2026-05-05 14:19:15.968615,,,eat,706
2026-05-05 14:19:37.608289,,,start,921
2026-05-05 14:22:10.297930,,,eat,2437
2026-05-05 14:22:30.602311,,,start,2639
2026-05-05 14:24:00.912849,,,eat,3536
2026-05-05 14:24:22.061023,,,start,3746
2026-05-05 14:28:29.637492,,,exit,6204
2026-05-05 14:28:49.761834,,,block_end,6404
2026-05-05 14:30:30.467409,,,imaging_stop,7395
2026-05-05 14:37:37.828047,,,block_start,0
2026-05-05 14:37:45.383833,,,start,64
2026-05-05 14:37:52.133463,,,eat,131
2026-05-05 14:37:57.693023,,,start,187
2026-05-05 14:38:20.654326,,,eat,415
2026-05-05 14:38:43.960366,,,start,646
2026-05-05 14:42:14.302718,,,drink,2735
2026-05-05 14:42:47.489936,,,start,3064
2026-05-05 14:42:51.783367,,,eat,3107
2026-05-05 14:43:23.775886,,,start,3424
2026-05-05 14:49:06.363068,,,exit,6826
2026-05-05 14:49:08.457771,,,block_end,6847
2026-05-05 14:53:06.666512,,,imaging_stop,9204
2026-05-05 15:08:58.646981,,,initialize,0
2026-05-05 15:18:33.390632,,,block_start,0
2026-05-05 15:18:36.672422,,,start,5
2026-05-05 15:19:41.960986,,,eat,653
2026-05-05 15:19:55.086027,,,start,784
2026-05-05 15:20:19.438732,,,eat,1025
2026-05-05 15:20:40.562585,,,start,1235
2026-05-05 15:21:18.889308,,,eat,1616
2026-05-05 15:22:04.284921,,,start,2067
2026-05-05 15:23:02.404439,,,drink,2644
2026-05-05 15:23:28.707547,,,start,2905
2026-05-05 15:23:31.921740,,,eat,2937
2026-05-05 15:24:02.151680,,,start,3237
2026-05-05 15:24:13.230702,,,eat,3347
2026-05-05 15:24:17.265100,,,start,3387
2026-05-05 15:26:44.227270,,,exit,4846
2026-05-05 15:27:00.349773,,,block_end,5006
2026-05-05 15:33:40.165511,,,imaging_stop,8967
2026-05-05 15:43:13.772285,,,initialize,0
2026-05-05 15:46:29.968486,,,initialize,0
2026-05-05 15:47:55.235263,,,block_start,0
2026-05-05 15:47:58.030165,,,start,0
2026-05-05 15:47:58.032011,,,start,0
2026-05-05 15:48:54.614406,,,eat,550
2026-05-05 15:49:14.961323,,,start,752
2026-05-05 15:49:47.215882,,,exit,1072
2026-05-05 15:50:06.342270,,,block_end,1262
2026-05-05 15:57:15.109514,,,imaging_stop,5510
2026-05-05 16:00:22.069263,,,block_start,0
2026-05-05 16:00:24.515393,,,start,0
2026-05-05 16:00:24.517455,,,start,0
2026-05-05 16:00:45.362357,,,exit,206
2026-05-05 16:00:48.953895,,,block_end,242
2026-05-05 16:09:09.458903,,,imaging_stop,5202
2026-05-05 16:11:08.695414,,,initialize,0
2026-05-05 16:11:47.358855,,,block_start,0
2026-05-05 16:11:49.786185,,,start,0
2026-05-05 16:12:46.665480,,,eat,561
2026-05-05 16:13:00.866362,,,eat,702
2026-05-05 16:13:03.190723,,,eat,725
2026-05-05 16:14:00.918453,,,eat,1298
2026-05-05 16:16:57.150536,,,start,3048
2026-05-05 16:17:08.645687,,,eat,3162
2026-05-05 16:17:56.696470,,,start,3639
2026-05-05 16:21:39.049687,,,eat,5847
2026-05-05 16:22:39.881187,,,start,6451
2026-05-05 16:26:17.533279,,,drink,8612
2026-05-05 16:26:18.087823,,,start,8618
2026-05-05 16:26:19.457343,,,exit,8631
2026-05-05 16:26:23.053304,,,block_end,8667
2026-05-05 16:29:05.230515,,,imaging_stop,10268
2026-05-05 16:33:24.389063,,,block_start,0
2026-05-05 16:33:26.190538,,,start,0
2026-05-05 16:38:43.742768,,,eat,3103
2026-05-05 16:38:58.610408,,,eat,3251
2026-05-05 16:39:15.849373,,,eat,3422
2026-05-05 16:39:34.409639,,,eat,3606
2026-05-05 16:39:36.283959,,,eat,3625
2026-05-05 16:40:02.643259,,,start,3886
2026-05-05 16:41:53.553173,,,exit,4988
2026-05-05 16:41:56.649790,,,block_end,5018
2026-05-05 16:44:01.429513,,,imaging_stop,6249
2026-05-05 20:33:51.750331,,,initialize,0
2026-05-06 12:50:41.581432,,,initialize,0
2026-05-06 13:07:59.396528,,,block_start,0
2026-05-06 13:08:01.102278,,,start,0
2026-05-06 13:08:01.103766,,,start,0
2026-05-06 13:08:36.573006,,,eat,351
2026-05-06 13:09:47.031485,,,start,1050
2026-05-06 13:12:16.817022,,,eat,2538
2026-05-06 13:13:17.550911,,,start,3141
2026-05-06 13:13:27.499062,,,eat,3240
2026-05-06 13:14:04.450335,,,start,3606
2026-05-06 13:14:19.363636,,,eat,3755
2026-05-06 13:15:34.073716,,,start,4496
2026-05-06 13:15:42.714312,,,eat,4582
2026-05-06 13:16:23.095498,,,start,4983
2026-05-06 13:16:30.261716,,,eat,5054
2026-05-06 13:16:51.528766,,,start,5266
2026-05-06 13:16:55.409699,,,eat,5304
2026-05-06 13:17:13.371099,,,start,5482
2026-05-06 13:17:27.315859,,,eat,5621
2026-05-06 13:17:56.615889,,,start,5912
2026-05-06 13:18:10.292131,,,eat,6048
2026-05-06 13:18:43.581492,,,start,6378
2026-05-06 13:18:49.403438,,,eat,6436
2026-05-06 13:19:36.612995,,,start,6905
2026-05-06 13:19:42.851312,,,eat,6967
2026-05-06 13:20:19.455896,,,start,7330
2026-05-06 13:20:41.446624,,,eat,7549
2026-05-06 13:21:04.139244,,,start,7774
2026-05-06 13:21:05.514579,,,exit,7788
2026-05-06 13:21:20.634806,,,block_end,7938
2026-05-06 13:24:04.365511,,,imaging_stop,9554
2026-05-06 13:26:13.510093,,,block_start,0
2026-05-06 13:26:16.415001,,,start,20
2026-05-06 13:26:31.623117,,,eat,171
2026-05-06 13:28:23.682544,,,start,1283
2026-05-06 13:28:30.259292,,,eat,1349
2026-05-06 13:29:00.352817,,,start,1648
2026-05-06 13:29:10.516772,,,eat,1748
2026-05-06 13:29:29.147052,,,start,1933
2026-05-06 13:29:37.911408,,,eat,2020
2026-05-06 13:30:09.533282,,,start,2334
2026-05-06 13:30:15.617407,,,eat,2395
2026-05-06 13:30:41.538582,,,start,2652
2026-05-06 13:30:50.646859,,,eat,2743
2026-05-06 13:31:04.051943,,,start,2876
2026-05-06 13:31:13.530878,,,eat,2970
2026-05-06 13:31:42.777705,,,start,3260
2026-05-06 13:31:50.715123,,,eat,3339
2026-05-06 13:32:08.037524,,,start,3511
2026-05-06 13:32:22.452595,,,eat,3654
2026-05-06 13:32:46.044834,,,start,3889
2026-05-06 13:32:54.984292,,,eat,3977
2026-05-06 13:33:13.116560,,,start,4157
2026-05-06 13:35:14.334986,,,eat,5361
2026-05-06 13:35:42.713014,,,start,5643
2026-05-06 13:36:11.170456,,,eat,5925
2026-05-06 13:36:25.916937,,,start,6072
2026-05-06 13:36:43.187660,,,eat,6243
2026-05-06 13:36:52.682394,,,start,6338
2026-05-06 13:37:06.532472,,,eat,6475
2026-05-06 13:37:32.629763,,,start,6734
2026-05-06 13:37:52.661726,,,exit,6933
2026-05-06 13:37:54.752818,,,block_end,6954
2026-05-06 13:41:43.909513,,,imaging_stop,9220
2026-05-06 13:47:10.149407,,,block_start,0
2026-05-06 13:47:13.272720,,,start,15
2026-05-06 13:47:16.613707,,,eat,48
2026-05-06 13:47:41.342744,,,start,294
2026-05-06 13:48:05.285659,,,eat,531
2026-05-06 13:51:51.001236,,,start,2773
2026-05-06 13:52:11.026207,,,eat,2972
2026-05-06 13:53:15.145326,,,start,3608
2026-05-06 13:53:21.595602,,,eat,3672
2026-05-06 13:53:52.599706,,,start,3980
2026-05-06 13:53:57.252114,,,eat,4026
2026-05-06 13:54:59.539529,,,start,4645
2026-05-06 13:55:19.538243,,,eat,4843
2026-05-06 13:56:49.323233,,,start,5735
2026-05-06 13:56:53.341584,,,eat,5775
2026-05-06 13:57:29.177910,,,start,6131
2026-05-06 13:57:36.184774,,,eat,6200
2026-05-06 13:58:02.779243,,,start,6464
2026-05-06 13:58:11.744708,,,eat,6553
2026-05-06 13:58:38.505469,,,start,6819
2026-05-06 13:59:05.568478,,,eat,7088
2026-05-06 14:00:14.335233,,,start,7771
2026-05-06 14:00:14.940684,,,exit,7777
2026-05-06 14:00:16.529291,,,block_end,7792
2026-05-06 14:03:57.378512,,,imaging_stop,9976
2026-05-06 14:06:41.080223,,,block_start,0
2026-05-06 14:06:43.042660,,,start,4
2026-05-06 14:06:43.044532,,,start,5
2026-05-06 14:06:46.016002,,,eat,34
2026-05-06 14:08:01.810789,,,start,787
2026-05-06 14:08:09.780832,,,eat,866
2026-05-06 14:11:49.212040,,,start,3045
2026-05-06 14:11:55.990365,,,eat,3112
2026-05-06 14:12:24.844698,,,start,3398
2026-05-06 14:12:33.302008,,,eat,3482
2026-05-06 14:13:50.742185,,,start,4251
2026-05-06 14:13:56.809633,,,eat,4312
2026-05-06 14:14:33.442985,,,start,4675
2026-05-06 14:14:59.558147,,,eat,4935
2026-05-06 14:15:35.144218,,,start,5288
2026-05-06 14:15:41.825720,,,eat,5354
2026-05-06 14:16:07.712096,,,start,5611
2026-05-06 14:17:38.506561,,,drink,6513
2026-05-06 14:17:39.545171,,,start,6523
2026-05-06 14:19:03.965472,,,eat,7362
2026-05-06 14:19:12.005830,,,start,7441
2026-05-06 14:19:16.916810,,,eat,7490
2026-05-06 14:19:42.774759,,,start,7747
2026-05-06 14:20:00.753762,,,eat,7926
2026-05-06 14:20:54.302010,,,start,8457
2026-05-06 14:20:57.786667,,,eat,8492
2026-05-06 14:21:17.859575,,,start,8691
2026-05-06 14:21:23.830536,,,eat,8750
2026-05-06 14:21:46.156934,,,start,8972
2026-05-06 14:22:08.620829,,,eat,9195
2026-05-06 14:22:15.376982,,,start,9262
2026-05-06 14:23:03.270322,,,exit,9738
2026-05-06 14:23:13.874349,,,block_end,9843
2026-05-06 14:25:02.667514,,,imaging_stop,10914
2026-05-06 14:33:50.004322,,,initialize,0
2026-05-06 14:33:55.607308,,,block_start,0
2026-05-06 14:33:58.301414,,,start,9
2026-05-06 14:34:03.254796,,,eat,58
2026-05-06 14:34:05.120484,,,eat,77
2026-05-06 14:34:13.812739,,,start,163
2026-05-06 14:35:03.756993,,,eat,659
2026-05-06 14:35:47.468748,,,start,1093
2026-05-06 14:36:45.157192,,,drink,1666
2026-05-06 14:37:06.382250,,,start,1877
2026-05-06 14:37:09.266941,,,eat,1905
2026-05-06 14:37:12.499921,,,eat,1937
2026-05-06 14:37:27.782165,,,eat,2089
2026-05-06 14:37:54.068795,,,eat,2350
2026-05-06 14:38:35.185254,,,eat,2759
2026-05-06 14:38:36.665458,,,eat,2773
2026-05-06 14:39:06.172788,,,eat,3066
2026-05-06 14:39:53.170060,,,start,3533
2026-05-06 14:40:01.200193,,,eat,3613
2026-05-06 14:40:09.665770,,,eat,3697
2026-05-06 14:40:41.465412,,,start,4012
2026-05-06 14:42:07.670246,,,eat,4868
2026-05-06 14:42:16.566573,,,eat,4957
2026-05-06 14:42:38.929962,,,start,5179
2026-05-06 14:43:38.046372,,,exit,5766
2026-05-06 14:43:41.640838,,,block_end,5802
2026-05-06 14:46:05.438511,,,imaging_stop,7221
2026-05-06 14:49:53.166245,,,block_start,0
2026-05-06 14:49:55.793601,,,start,12
2026-05-06 14:50:33.882565,,,eat,390
2026-05-06 14:50:55.882716,,,eat,608
2026-05-06 14:51:12.135331,,,eat,770
2026-05-06 14:51:41.023722,,,eat,1057
2026-05-06 14:51:47.573290,,,start,1122
2026-05-06 14:52:13.601895,,,eat,1380
2026-05-06 14:52:34.815384,,,eat,1591
2026-05-06 14:53:43.144824,,,start,2269
2026-05-06 14:54:17.670763,,,eat,2612
2026-05-06 14:54:35.260471,,,eat,2787
2026-05-06 14:54:58.950853,,,eat,3022
2026-05-06 14:55:17.395619,,,start,3205
2026-05-06 14:55:34.880356,,,eat,3379
2026-05-06 14:55:36.161241,,,eat,3392
2026-05-06 14:55:52.809893,,,eat,3557
2026-05-06 14:56:14.617674,,,eat,3773
2026-05-06 14:56:32.524878,,,eat,3951
2026-05-06 14:56:47.788387,,,start,4103
2026-05-06 14:56:53.751819,,,eat,4162
2026-05-06 14:57:39.109610,,,start,4612
2026-05-06 14:57:44.334029,,,drink,4664
2026-05-06 14:58:11.587918,,,start,4935
2026-05-06 14:58:14.746940,,,eat,4966
2026-05-06 14:58:27.858408,,,eat,5096
2026-05-06 14:59:04.900622,,,start,5464
2026-05-06 14:59:47.089947,,,eat,5883
2026-05-06 15:00:02.253158,,,start,6034
2026-05-06 15:00:10.295521,,,drink,6114
2026-05-06 15:00:33.211060,,,start,6341
2026-05-06 15:00:36.265,,,eat,6372
2026-05-06 15:00:40.577369,,,eat,6414
2026-05-06 15:01:01.399252,,,eat,6621
2026-05-06 15:01:37.115967,,,start,6976
2026-05-06 15:01:39.837819,,,drink,7003
2026-05-06 15:01:53.847203,,,start,7142
2026-05-06 15:01:56.895895,,,eat,7172
2026-05-06 15:02:15.265066,,,start,7355
2026-05-06 15:02:19.347231,,,drink,7395
2026-05-06 15:02:58.594763,,,start,7785
2026-05-06 15:03:02.094774,,,eat,7820
2026-05-06 15:03:21.925195,,,eat,8016
2026-05-06 15:04:13.875572,,,start,8532
2026-05-06 15:05:02.241075,,,exit,9013
2026-05-06 15:05:05.336278,,,block_end,9043
2026-05-06 15:06:20.577511,,,imaging_stop,9782
2026-05-07 14:03:58.754707,,,initialize,0
2026-05-07 14:08:14.118083,,,initialize,333
2026-05-07 14:10:38.883096,,,initialize,317
2026-05-07 14:17:10.820794,,,initialize,984
2026-05-07 14:18:59.508381,,,initialize,358
2026-05-07 14:24:00.953906,,,initialize,501
2026-05-07 14:24:39.278123,,,initialize,396
2026-05-08 10:25:55.975866,,,initialize,0
2026-05-08 10:28:26.730253,,,initialize,0
2026-05-08 12:35:35.364368,,,initialize,0
2026-05-08 13:00:23.048553,,,block_start,0
2026-05-08 13:00:25.086275,,,start,7
2026-05-08 13:00:25.088240,,,start,7
2026-05-08 13:00:33.974965,,,eat,95
2026-05-08 13:00:55.102048,,,start,305
2026-05-08 13:01:11.732095,,,eat,470
2026-05-08 13:01:30.580955,,,start,657
2026-05-08 13:02:23.846303,,,eat,1186
2026-05-08 13:02:39.604426,,,start,1343
2026-05-08 13:05:01.869803,,,exit,2755
2026-05-08 13:05:05.456447,,,block_end,2791
2026-05-08 13:05:09.146511,,,imaging_stop,2819
2026-05-08 13:18:02.710630,,,initialize,0
2026-05-08 13:23:43.864128,,,block_start,0
2026-05-08 13:23:46.359704,,,start,8
2026-05-08 13:23:49.562131,,,eat,40
2026-05-08 13:24:05.491470,,,start,154
2026-05-08 13:24:06.154739,,,exit,154
2026-05-08 13:24:07.741906,,,block_end,154
2026-05-08 13:24:07.772034,,,imaging_stop,154
2026-05-08 13:27:04.482423,,,initialize,0
2026-05-08 13:28:15.719116,,,block_start,0
2026-05-08 13:28:20.010277,,,start,8
2026-05-08 13:28:22.649112,,,eat,35
2026-05-08 13:28:56.190390,,,start,368
2026-05-08 13:29:09.693761,,,eat,502
2026-05-08 13:30:04.475666,,,start,1046
2026-05-08 13:30:14.446764,,,eat,1145
2026-05-08 13:30:44.892200,,,start,1447
2026-05-08 13:30:59.151611,,,eat,1589
2026-05-08 13:31:27.403383,,,start,1869
2026-05-08 13:31:35.216012,,,eat,1947
2026-05-08 13:32:10.869727,,,start,2301
2026-05-08 13:32:50.283665,,,eat,2692
2026-05-08 13:33:13.525789,,,start,2923
2026-05-08 13:33:23.799813,,,eat,3025
2026-05-08 13:34:07.603305,,,start,3460
2026-05-08 13:35:09.846645,,,eat,4078
2026-05-08 13:35:52.433379,,,start,4501
2026-05-08 13:37:40.610770,,,exit,5575
2026-05-08 13:37:42.701809,,,block_end,5596
2026-05-08 13:40:14.236514,,,imaging_stop,7091
2026-05-08 13:45:02.371386,,,block_start,0
2026-05-08 13:45:54.429415,,,start,0
2026-05-08 13:45:54.431567,,,start,0
2026-05-08 13:47:19.092798,,,initialize,0
2026-05-08 13:49:42.465640,,,block_start,0
2026-05-08 13:49:44.849434,,,start,10
2026-05-08 13:49:44.851772,,,start,11
2026-05-08 13:49:54.948278,,,eat,111
2026-05-08 13:50:40.877577,,,start,567
2026-05-08 13:53:09.699468,,,eat,2045
2026-05-08 13:53:49.168323,,,start,2436
2026-05-08 13:53:59.649385,,,eat,2541
2026-05-08 13:54:20.387707,,,start,2746
2026-05-08 13:54:28.802911,,,eat,2830
2026-05-08 13:54:39.830489,,,start,2940
2026-05-08 13:55:03.286905,,,drink,3172
2026-05-08 13:55:03.307433,,,start,3173
2026-05-08 13:55:14.120437,,,eat,3280
2026-05-08 13:55:33.578877,,,start,3473
2026-05-08 13:59:53.674527,,,exit,6056
2026-05-08 13:59:57.772762,,,block_end,6097
2026-05-08 14:00:34.394514,,,imaging_stop,6452
2026-05-08 14:11:21.423207,,,block_start,0
2026-05-08 14:11:24.088655,,,start,9
2026-05-08 14:11:24.090854,,,start,9
2026-05-08 14:11:28.067750,,,eat,48
2026-05-08 14:11:45.951098,,,start,226
2026-05-08 14:18:02.410542,,,eat,3964
2026-05-08 14:19:46.355563,,,start,4996
2026-05-08 14:21:50.616946,,,exit,6230
2026-05-08 14:21:53.714226,,,block_end,6261
2026-05-08 14:24:59.375869,,,imaging_stop,8094
2026-05-08 14:29:03.358134,,,block_start,0
2026-05-08 14:29:07.521504,,,start,28
2026-05-08 14:29:07.522998,,,start,28
2026-05-08 14:30:11.085724,,,eat,659
2026-05-08 14:30:37.748631,,,start,924
2026-05-08 14:30:45.062751,,,eat,997
2026-05-08 14:31:51.790355,,,start,1659
2026-05-08 14:32:07.995266,,,eat,1820
2026-05-08 14:32:58.531435,,,start,2322
2026-05-08 14:33:22.974453,,,eat,2565
2026-05-08 14:39:33.004977,,,start,6239
2026-05-08 14:40:28.982191,,,exit,6795
2026-05-08 14:40:31.577760,,,block_end,6821
2026-05-08 14:42:24.040511,,,imaging_stop,7929
2026-05-08 14:46:34.159054,,,initialize,0
2026-05-08 14:51:06.787493,,,block_start,0
2026-05-08 14:51:09.738242,,,start,0
2026-05-08 14:51:14.797528,,,eat,50
2026-05-08 14:51:33.760017,,,eat,238
2026-05-08 14:51:58.953566,,,eat,488
2026-05-08 14:52:29.313521,,,eat,790
2026-05-08 14:52:30.727009,,,eat,804
2026-05-08 14:52:42.888041,,,eat,924
2026-05-08 14:53:05.497478,,,eat,1149
2026-05-08 14:53:28.237781,,,start,1375
2026-05-08 14:59:18.217665,,,exit,4850
2026-05-08 14:59:23.314814,,,block_end,4901
2026-05-08 15:01:26.567512,,,imaging_stop,6116
2026-05-08 15:03:59.157342,,,block_start,0
2026-05-08 15:04:02.056051,,,start,13
2026-05-08 15:04:21.426455,,,exit,331
2026-05-08 15:04:23.015337,,,block_end,331
2026-05-08 15:04:23.045412,,,imaging_stop,331
2026-05-08 15:05:03.422936,,,initialize,0
2026-05-08 15:08:59.485948,,,block_start,0
2026-05-08 15:09:01.848245,,,start,9
2026-05-08 15:09:04.231225,,,eat,32
2026-05-08 15:09:19.826941,,,eat,187
2026-05-08 15:09:33.237306,,,eat,320
2026-05-08 15:09:48.377230,,,eat,471
2026-05-08 15:10:20.157558,,,start,786
2026-05-08 15:18:40.750385,,,exit,5757
2026-05-08 15:18:53.367237,,,block_end,5882
2026-05-08 15:22:05.344512,,,imaging_stop,7780
2026-05-11 12:45:14.789890,,,initialize,0
2026-05-11 13:05:38.070119,,,initialize,0
2026-05-11 13:09:53.906362,,,initialize,0
2026-05-11 13:17:22.845084,,,initialize,0
