Date_Time,amount_consumed,latency_to_consumption,Type,Frame
2026-05-18 12:56:17.097682,,,initialize,0
2026-05-18 13:16:36.376376,,,block_start,0
2026-05-18 13:16:42.948109,,,start,0
2026-05-18 13:16:53.121078,,,exit,0
2026-05-18 13:16:55.709372,,,block_end,0
2026-05-18 13:16:55.739728,,,imaging_stop,0
2026-05-18 13:21:36.057722,,,block_start,0
2026-05-18 13:21:40.407639,,,start,43
2026-05-18 13:21:40.409508,,,start,43
2026-05-18 13:21:52.610945,,,exit,164
2026-05-18 13:21:54.197804,,,block_end,180
2026-05-18 13:22:16.090750,,,initialize,84
2026-05-18 13:25:36.083904,,,block_start,0
2026-05-18 13:25:45.430646,,,start,93
2026-05-18 13:26:44.624323,,,exit,680
2026-05-18 13:26:48.719813,,,block_end,721
2026-05-18 13:28:14.206595,,,initialize,714
2026-05-18 13:28:32.337813,,,block_start,0
2026-05-18 13:28:35.723656,,,start,34
2026-05-18 13:29:03.907938,,,exit,314
2026-05-18 13:29:05.998340,,,block_end,334
2026-05-18 13:32:06.623150,,,initialize,77
2026-05-18 13:37:40.381306,,,block_start,0
2026-05-18 13:37:42.974248,,,start,26
2026-05-18 13:40:46.042192,,,eat,1844
2026-05-18 13:40:58.599004,,,start,1968
2026-05-18 13:41:15.298111,,,eat,2134
2026-05-18 13:41:23.540959,,,start,2139
2026-05-18 13:41:28.455207,,,exit,2139
2026-05-18 13:41:31.551749,,,block_end,2139
2026-05-18 13:41:31.582391,,,imaging_stop,2139
2026-05-18 14:01:00.671554,,,block_start,0
2026-05-18 14:01:04.899898,,,start,0
2026-05-18 14:01:04.901425,,,start,0
2026-05-18 14:03:43.206618,,,exit,0
2026-05-18 14:03:44.799788,,,block_end,0
2026-05-18 14:03:44.829862,,,imaging_stop,0
2026-05-18 14:09:36.792525,,,block_start,0
2026-05-18 14:09:45.315736,,,start,0
2026-05-18 14:09:45.317514,,,start,0
2026-05-18 14:09:55.416881,,,exit,0
2026-05-18 14:09:57.504829,,,block_end,0
2026-05-18 14:09:57.535084,,,imaging_stop,0
2026-05-18 14:10:22.215878,,,initialize,0
2026-05-18 14:10:27.811600,,,block_start,0
2026-05-18 14:10:36.514027,,,start,0
2026-05-18 14:10:36.516382,,,start,0
2026-05-18 14:10:51.558507,,,exit,0
2026-05-18 14:10:53.643932,,,block_end,0
2026-05-18 14:10:53.674147,,,imaging_stop,0
2026-05-18 14:13:53.461999,,,initialize,0
2026-05-18 14:15:00.187339,,,block_start,0
2026-05-18 14:15:03.685812,,,start,0
2026-05-18 14:17:46.517331,,,exit,0
2026-05-18 14:17:49.111294,,,block_end,0
2026-05-18 14:17:49.141858,,,imaging_stop,0
2026-05-18 14:28:36.185403,,,block_start,0
2026-05-18 14:28:38.019916,,,start,0
2026-05-18 14:28:41.005343,,,eat,0
2026-05-18 14:29:10.581560,,,start,0
2026-05-18 14:29:57.913004,,,eat,0
2026-05-18 14:30:14.446463,,,start,0
2026-05-18 14:30:15.553809,,,exit,0
2026-05-18 14:30:17.643307,,,block_end,0
2026-05-18 14:30:17.673818,,,imaging_stop,0
2026-05-18 14:43:01.453803,,,block_start,0
2026-05-18 14:43:04.501538,,,start,0
2026-05-18 14:43:59.945376,,,eat,0
2026-05-18 14:44:22.903941,,,start,0
2026-05-18 14:45:03.193923,,,exit,0
2026-05-18 14:45:04.278414,,,block_end,0
2026-05-18 14:45:04.308927,,,imaging_stop,0
2026-05-18 14:59:27.293087,,,block_start,0
2026-05-18 14:59:29.821983,,,start,0
2026-05-18 14:59:29.823675,,,start,0
2026-05-18 15:00:47.972910,,,exit,0
2026-05-18 15:00:48.063990,,,block_end,0
2026-05-18 15:00:48.095136,,,imaging_stop,0
2026-05-18 15:01:47.607552,,,initialize,0
2026-05-18 15:04:09.476332,,,block_start,0
2026-05-18 15:04:12.250416,,,start,0
2026-05-18 15:04:31.199241,,,eat,0
2026-05-18 15:04:47.430326,,,start,0
2026-05-18 15:05:13.111953,,,eat,0
2026-05-18 15:05:49.858897,,,start,0
2026-05-18 15:07:17.081290,,,drink,0
2026-05-18 15:07:18.911606,,,start,0
2026-05-18 15:08:58.222641,,,exit,0
2026-05-18 15:08:59.308923,,,block_end,0
2026-05-18 15:08:59.343790,,,imaging_stop,0
2026-05-18 15:09:55.990610,,,initialize,0
2026-05-18 15:23:18.686985,,,block_start,0
2026-05-18 15:23:20.400670,,,start,0
2026-05-18 15:23:20.402330,,,start,0
2026-05-18 15:29:00.579210,,,eat,0
2026-05-18 15:29:47.218986,,,start,0
2026-05-18 15:31:00.700669,,,eat,0
2026-05-18 15:31:46.251331,,,start,0
2026-05-18 15:34:16.120449,,,exit,0
2026-05-18 15:34:17.706438,,,block_end,0
2026-05-18 15:34:17.737828,,,imaging_stop,0
2026-05-18 15:35:04.971730,,,initialize,0
2026-05-18 15:39:46.128097,,,block_start,0
2026-05-18 15:39:47.447322,,,start,0
2026-05-18 15:39:47.449320,,,start,0
2026-05-18 15:44:09.991346,,,eat,0
2026-05-18 15:44:47.771331,,,start,0
2026-05-18 15:48:32.657882,,,eat,2
2026-05-18 15:49:20.399816,,,start,2
2026-05-18 15:51:10.734113,,,drink,2
2026-05-18 15:51:15.302234,,,start,2
2026-05-18 15:53:27.335287,,,exit,2
2026-05-18 15:53:28.427766,,,block_end,2
2026-05-18 15:53:28.458980,,,imaging_stop,2
2026-05-18 15:53:55.548232,,,initialize,0
2026-05-18 15:54:15.182820,,,block_start,0
2026-05-18 15:54:16.564300,,,start,0
2026-05-18 15:54:21.237875,,,exit,0
2026-05-18 15:54:22.320416,,,block_end,0
2026-05-18 15:54:22.350757,,,imaging_stop,0
2026-05-18 16:07:12.965875,,,initialize,0
2026-05-18 16:09:51.293606,,,initialize,0
2026-05-18 16:13:38.566246,,,initialize,0
2026-05-18 16:20:02.099754,,,initialize,0
2026-05-18 16:21:40.554112,,,initialize,0
2026-05-19 13:41:33.398921,,,initialize,0
2026-05-19 14:04:31.605605,,,block_start,0
2026-05-19 14:04:36.369574,,,start,22
2026-05-19 14:05:14.792239,,,eat,403
2026-05-19 14:05:51.522578,,,start,768
2026-05-19 14:08:50.853230,,,eat,2549
2026-05-19 14:10:00.476963,,,start,3240
2026-05-19 14:10:46.629648,,,eat,3699
2026-05-19 14:10:54.671595,,,start,3778
2026-05-19 14:12:23.969405,,,eat,4665
2026-05-19 14:12:30.198011,,,start,4727
2026-05-19 14:13:03.121170,,,eat,5054
2026-05-19 14:13:52.461305,,,start,5544
2026-05-19 14:21:04.087569,,,exit,9830
2026-05-19 14:21:13.689356,,,block_end,9925
2026-05-19 14:22:18.179512,,,imaging_stop,10556
2026-05-19 14:27:50.764337,,,block_start,0
2026-05-19 14:27:53.668854,,,start,3
2026-05-19 14:28:33.360169,,,eat,397
2026-05-19 14:31:52.201141,,,start,2371
2026-05-19 14:32:04.708339,,,eat,2496
2026-05-19 14:33:18.333963,,,start,3227
2026-05-19 14:33:49.379838,,,eat,3535
2026-05-19 14:34:40.882823,,,start,4046
2026-05-19 14:43:25.405359,,,exit,9255
2026-05-19 14:43:29.499384,,,block_end,9295
2026-05-19 14:45:04.378511,,,imaging_stop,10229
2026-05-19 14:57:22.446753,,,block_start,0
2026-05-19 14:57:26.641856,,,start,11
2026-05-19 14:57:26.644003,,,start,11
2026-05-19 15:12:12.268939,,,exit,8805
2026-05-19 15:12:15.355880,,,block_end,8836
2026-05-19 15:14:14.474511,,,imaging_stop,10009
2026-05-19 15:21:41.268515,,,block_start,0
2026-05-19 15:21:45.695597,,,start,10
2026-05-19 15:22:26.597210,,,eat,416
2026-05-19 15:22:49.745544,,,start,646
2026-05-19 15:23:19.936025,,,eat,946
2026-05-19 15:24:14.166851,,,start,1484
2026-05-19 15:24:59.013118,,,eat,1930
2026-05-19 15:26:06.073383,,,start,2595
2026-05-19 15:29:23.781551,,,exit,4559
2026-05-19 15:29:24.372890,,,block_end,4565
2026-05-19 15:32:32.032498,,,imaging_stop,6419
2026-05-19 15:56:13.374119,,,block_start,0
2026-05-19 15:56:15.733802,,,start,3
2026-05-19 15:56:15.735327,,,start,3
2026-05-19 16:02:44.513540,,,eat,3863
2026-05-19 16:03:50.659758,,,start,4520
2026-05-19 16:09:19.152709,,,eat,7782
2026-05-19 16:10:03.311390,,,start,8221
2026-05-19 16:14:33.516463,,,eat,10904
2026-05-19 16:14:59.373811,,,start,11160
2026-05-19 16:15:49.629218,,,exit,11659
2026-05-19 16:15:52.218819,,,block_end,11685
2026-05-19 16:18:24.625511,,,imaging_stop,13189
2026-05-19 16:23:02.104645,,,initialize,0
2026-05-19 16:32:14.797144,,,block_start,0
2026-05-19 16:32:22.236057,,,start,49
2026-05-19 16:32:29.942948,,,eat,125
2026-05-19 16:34:36.654462,,,start,1383
2026-05-19 16:38:55.395891,,,eat,3953
2026-05-19 16:40:03.182644,,,start,4444
2026-05-19 16:40:04.406799,,,exit,4444
2026-05-19 16:40:07.498311,,,block_end,4444
2026-05-19 16:40:07.529065,,,imaging_stop,4444
2026-05-19 16:43:11.650145,,,block_start,0
2026-05-19 16:43:22.759769,,,start,0
2026-05-19 16:43:22.761702,,,start,0
2026-05-20 14:03:34.323525,,,initialize,0
2026-05-20 14:15:07.801790,,,block_start,0
2026-05-20 14:15:07.802900,,,start,0
2026-05-20 14:16:59.738627,,,eat,1080
2026-05-20 14:16:59.982986,,,start,1082
2026-05-20 14:20:11.597084,,,exit,2985
2026-05-20 14:20:14.189814,,,block_end,3011
2026-05-20 14:20:35.698511,,,imaging_stop,3215
2026-05-20 14:20:56.375768,,,initialize,0
2026-05-20 14:21:07.983035,,,block_start,0
2026-05-20 14:21:14.510443,,,start,38
2026-05-20 14:21:18.677624,,,eat,74
2026-05-20 14:23:46.072700,,,start,1538
2026-05-20 14:23:51.613041,,,eat,1593
2026-05-20 14:25:30.406140,,,start,2574
2026-05-20 14:25:56.004517,,,eat,2828
2026-05-20 14:26:35.422213,,,start,3219
2026-05-20 14:26:49.686825,,,eat,3361
2026-05-20 14:28:10.876696,,,start,4167
2026-05-20 14:28:18.286642,,,eat,4241
2026-05-20 14:30:39.237251,,,start,5640
2026-05-20 14:31:03.687230,,,eat,5883
2026-05-20 14:32:18.308190,,,start,6624
2026-05-20 14:32:25.013448,,,eat,6691
2026-05-20 14:34:07.757062,,,start,7711
2026-05-20 14:34:24.185789,,,eat,7874
2026-05-20 14:35:21.141078,,,start,8440
2026-05-20 14:35:30.615077,,,eat,8534
2026-05-20 14:36:20.647808,,,start,9031
2026-05-20 14:36:36.363484,,,eat,9187
2026-05-20 14:37:01.528960,,,start,9436
2026-05-20 14:38:10.288739,,,eat,10119
2026-05-20 14:40:00.459701,,,start,11213
2026-05-20 14:40:01.911553,,,exit,11228
2026-05-20 14:40:04.497898,,,block_end,11253
2026-05-20 14:41:28.096514,,,imaging_stop,12074
2026-05-20 14:52:17.251682,,,block_start,0
2026-05-20 14:52:20.616536,,,start,9
2026-05-20 14:52:40.242570,,,eat,204
2026-05-20 14:57:16.940350,,,start,2951
2026-05-20 14:57:43.331571,,,eat,3213
2026-05-20 14:59:19.757451,,,start,4171
2026-05-20 14:59:30.181199,,,eat,4274
2026-05-20 15:01:21.602372,,,start,5381
2026-05-20 15:04:49.732344,,,eat,7447
2026-05-20 15:04:58.474629,,,start,7534
2026-05-20 15:06:26.954035,,,exit,8413
2026-05-20 15:06:28.035402,,,block_end,8423
2026-05-20 15:08:25.660511,,,imaging_stop,9583
2026-05-20 15:31:25.306913,,,block_start,0
2026-05-20 15:31:27.888633,,,start,5
2026-05-20 15:36:05.680121,,,eat,2763
2026-05-20 15:39:27.222648,,,start,4661
2026-05-20 15:39:31.922864,,,exit,4661
2026-05-20 15:39:39.520371,,,block_end,4661
2026-05-20 15:39:39.551360,,,imaging_stop,4661
2026-05-20 15:40:38.617865,,,initialize,0
2026-05-20 16:19:53.405343,,,block_start,0
2026-05-20 16:19:55.845460,,,start,0
2026-05-20 16:19:55.847108,,,start,0
2026-05-20 16:20:23.572741,,,eat,275
2026-05-20 16:24:01.350056,,,start,2438
2026-05-20 16:24:44.776912,,,eat,2869
2026-05-20 16:25:53.576586,,,start,3552
2026-05-20 16:30:24.562615,,,eat,6243
2026-05-20 16:31:20.461232,,,start,6798
2026-05-20 16:36:45.977069,,,exit,10030
2026-05-20 16:36:49.564894,,,block_end,10066
2026-05-20 16:38:04.652514,,,imaging_stop,10802
2026-05-20 16:45:48.432036,,,block_start,0
2026-05-20 16:45:52.260652,,,start,17
2026-05-20 16:46:00.431636,,,eat,98
2026-05-20 16:47:35.494124,,,start,1042
2026-05-20 16:48:05.917541,,,eat,1344
2026-05-20 16:49:07.415795,,,start,1954
2026-05-20 16:50:36.010952,,,eat,2834
2026-05-20 16:54:00.336509,,,start,4863
2026-05-20 16:58:59.180782,,,eat,7831
2026-05-20 16:59:43.440448,,,start,8270
2026-05-20 16:59:54.880555,,,eat,8384
2026-05-20 17:00:18.630743,,,start,8619
2026-05-20 17:03:55.686762,,,exit,10775
2026-05-20 17:03:57.776295,,,block_end,10796
2026-05-20 17:05:18.129511,,,imaging_stop,11585
2026-05-22 12:31:02.940135,,,initialize,0
2026-05-22 12:44:24.633682,,,block_start,0
2026-05-22 12:44:31.889557,,,start,62
2026-05-22 12:45:52.066078,,,eat,858
2026-05-22 12:47:11.320969,,,start,1645
2026-05-22 12:48:47.346511,,,exit,2599
2026-05-22 12:48:50.436817,,,block_end,2629
2026-05-22 12:51:52.836514,,,imaging_stop,4431
2026-05-22 13:13:19.655761,,,block_start,0
2026-05-22 13:13:22.271168,,,start,1
2026-05-22 13:13:30.608239,,,eat,84
2026-05-22 13:14:03.151906,,,start,407
2026-05-22 13:18:18.896736,,,eat,2947
2026-05-22 13:19:55.533449,,,start,3906
2026-05-22 13:20:33.982701,,,eat,4288
2026-05-22 13:20:35.652468,,,start,4305
2026-05-22 13:22:36.512864,,,exit,5505
2026-05-22 13:22:40.606310,,,block_end,5545
2026-05-22 13:25:45.763431,,,imaging_stop,7375
2026-05-22 13:37:52.716452,,,block_start,0
2026-05-22 13:37:55.363132,,,start,0
2026-05-22 14:03:49.489165,,,drink,1
2026-05-22 14:04:07.832192,,,start,1
2026-05-22 14:11:51.232150,,,exit,1
2026-05-22 14:11:55.324821,,,block_end,1
2026-05-22 14:11:55.355487,,,imaging_stop,1
2026-05-22 14:31:14.430963,,,block_start,0
2026-05-22 14:31:15.896443,,,start,0
2026-05-25 12:19:41.694540,,,initialize,0
2026-05-25 12:27:46.746418,,,block_start,0
2026-05-25 12:27:49.501527,,,start,0
2026-05-25 12:29:07.287561,,,exit,0
2026-05-25 12:29:08.372359,,,block_end,0
2026-05-25 12:29:08.405349,,,imaging_stop,0
2026-05-25 12:29:53.418720,,,initialize,0
2026-05-25 12:35:45.209383,,,block_start,0
2026-05-25 12:35:47.082499,,,start,0
2026-05-25 12:36:15.632339,,,eat,0
2026-05-25 12:36:25.042223,,,start,0
2026-05-25 12:43:01.177797,,,eat,0
2026-05-25 12:43:33.966193,,,start,0
2026-05-25 12:43:52.611656,,,eat,0
2026-05-25 12:44:15.841212,,,start,0
2026-05-25 12:45:17.396337,,,eat,0
2026-05-25 12:45:28.239038,,,start,0
2026-05-25 12:49:30.180692,,,eat,0
2026-05-25 12:50:05.498185,,,start,0
2026-05-25 12:50:15.283424,,,eat,0
2026-05-25 12:50:38.529116,,,start,0
2026-05-25 12:52:50.957137,,,exit,0
2026-05-25 12:52:51.544306,,,block_end,0
2026-05-25 12:52:51.574717,,,imaging_stop,0
2026-05-25 12:53:16.443323,,,initialize,0
2026-05-25 13:04:44.404768,,,block_start,0
2026-05-25 13:04:46.382268,,,start,0
2026-05-25 13:04:46.383877,,,start,0
2026-05-25 13:04:49.723845,,,eat,0
2026-05-25 13:05:28.848301,,,start,0
2026-05-25 13:15:57.328173,,,exit,0
2026-05-25 13:15:58.416310,,,block_end,0
2026-05-25 13:15:58.446968,,,imaging_stop,0
2026-05-25 13:16:25.529764,,,initialize,0
2026-05-25 13:23:58.026651,,,block_start,0
2026-05-25 13:23:59.758179,,,start,0
2026-05-25 13:29:29.172229,,,eat,0
2026-05-25 13:30:51.010212,,,start,0
2026-05-25 13:30:54.432939,,,eat,0
2026-05-25 13:31:22.216409,,,start,0
2026-05-25 13:31:48.070607,,,eat,0
2026-05-25 13:32:42.840469,,,start,0
2026-05-25 13:40:40.658573,,,eat,0
2026-05-25 13:46:26.525032,,,start,0
2026-05-25 13:50:08.252943,,,eat,0
2026-05-25 13:54:13.900955,,,start,0
2026-05-25 13:54:37.651886,,,eat,0
2026-05-25 14:00:08.707230,,,start,0
2026-05-25 14:27:23.016492,,,exit,0
2026-05-25 14:27:26.109727,,,block_end,0
2026-05-25 14:27:26.140776,,,imaging_stop,0
2026-05-25 14:28:26.435904,,,initialize,0
2026-05-25 14:40:52.011837,,,block_start,0
2026-05-25 14:40:58.002064,,,start,0
2026-05-25 14:46:18.580793,,,exit,0
2026-05-25 14:46:20.164871,,,block_end,0
2026-05-25 14:46:20.195590,,,imaging_stop,0
2026-05-26 12:59:06.310712,,,initialize,0
2026-05-26 13:17:04.045691,,,block_start,0
2026-05-26 13:17:06.327340,,,start,6
2026-05-26 13:17:56.478905,,,eat,504
2026-05-26 13:18:18.620695,,,start,724
2026-05-26 13:18:36.620225,,,eat,902
2026-05-26 13:19:55.635424,,,start,1687
2026-05-26 13:22:44.147798,,,eat,3360
2026-05-26 13:23:38.101548,,,start,3896
2026-05-26 13:27:49.422179,,,exit,6392
2026-05-26 13:27:51.015710,,,block_end,6408
2026-05-26 13:30:21.366511,,,imaging_stop,7892
2026-05-26 13:37:03.905274,,,block_start,0
2026-05-26 13:37:07.455272,,,start,16
2026-05-26 13:37:07.456716,,,start,16
2026-05-26 13:37:20.009549,,,eat,140
2026-05-26 13:38:11.810074,,,start,655
2026-05-26 13:38:21.403546,,,eat,750
2026-05-26 13:39:10.261697,,,start,1235
2026-05-26 13:39:43.559028,,,eat,1566
2026-05-26 13:42:03.448774,,,start,2955
2026-05-26 13:43:20.233519,,,eat,3717
2026-05-26 13:45:03.017529,,,start,4738
2026-05-26 13:54:50.727988,,,exit,10574
2026-05-26 13:54:52.310378,,,block_end,10590
2026-05-26 13:56:07.528510,,,imaging_stop,11328
2026-05-26 14:13:59.893382,,,block_start,0
2026-05-26 14:14:02.961305,,,start,0
2026-05-26 14:14:02.962810,,,start,0
2026-05-26 14:15:34.356015,,,exit,902
2026-05-26 14:15:34.942301,,,block_end,908
2026-05-26 14:15:56.179511,,,imaging_stop,1110
2026-05-26 14:16:16.792827,,,initialize,0
2026-05-26 14:35:42.712237,,,block_start,0
2026-05-26 14:35:45.029451,,,start,1
2026-05-26 14:35:45.031349,,,start,1
2026-05-26 14:42:11.331008,,,eat,3837
2026-05-26 14:53:23.981472,,,start,10517
2026-05-26 14:53:51.284771,,,drink,10758
2026-05-26 14:53:57.999604,,,start,10758
2026-05-26 14:54:07.193315,,,exit,10758
2026-05-26 14:54:10.789435,,,block_end,10758
2026-05-26 14:54:10.819892,,,imaging_stop,10758
2026-05-26 15:51:55.998398,,,block_start,0
2026-05-26 15:51:58.556618,,,start,7
2026-05-26 15:52:08.540305,,,eat,106
2026-05-26 15:54:16.108593,,,start,1373
2026-05-26 15:55:29.215390,,,eat,2099
2026-05-26 16:00:26.084336,,,start,5047
2026-05-26 16:00:41.623229,,,eat,5201
2026-05-26 16:02:54.459402,,,start,6520
2026-05-26 16:05:26.672061,,,exit,8032
2026-05-26 16:05:28.262798,,,block_end,8048
2026-05-26 16:06:33.212512,,,imaging_stop,8683
2026-05-26 16:17:35.001241,,,block_start,0
2026-05-26 16:17:39.323903,,,start,15
2026-05-26 16:17:45.906268,,,exit,26
2026-05-26 16:17:47.497079,,,block_end,26
2026-05-26 16:17:47.527235,,,imaging_stop,26
2026-05-26 16:18:16.892782,,,initialize,0
2026-05-26 16:21:58.931634,,,block_start,0
2026-05-26 16:22:11.376845,,,start,0
2026-05-26 16:22:11.379198,,,start,0
2026-05-26 16:23:48.608495,,,eat,887
2026-05-26 16:28:42.118834,,,start,3801
2026-05-26 16:29:12.744703,,,eat,4105
2026-05-26 16:29:48.680305,,,start,4462
2026-05-26 16:36:35.716522,,,eat,8504
2026-05-26 16:37:48.533998,,,start,9227
2026-05-26 16:42:12.119798,,,eat,11844
2026-05-26 16:42:37.476977,,,start,12096
2026-05-26 16:42:57.661619,,,exit,12296
2026-05-26 16:42:59.248831,,,block_end,12312
2026-05-26 16:43:45.797512,,,imaging_stop,12766
2026-05-26 16:46:24.442450,,,block_start,0
2026-05-26 16:46:27.835120,,,start,8
2026-05-26 16:52:13.712566,,,eat,3443
2026-05-26 16:53:19.657809,,,start,4098
2026-05-26 16:57:50.920122,,,exit,6791
2026-05-26 16:57:51.502842,,,block_end,6797
2026-05-26 16:58:07.753511,,,imaging_stop,6950
2026-05-26 17:06:43.347874,,,block_start,0
2026-05-26 17:06:46.633666,,,start,7
2026-05-26 17:06:46.635332,,,start,7
2026-05-26 17:11:14.125365,,,eat,2663
2026-05-26 17:11:35.788657,,,start,2878
2026-05-26 17:22:58.671909,,,exit,9659
2026-05-26 17:23:00.260302,,,block_end,9675
2026-05-26 17:23:39.919511,,,imaging_stop,10060
2026-05-26 17:24:31.331300,,,initialize,0
2026-05-26 17:46:15.021382,,,block_start,0
2026-05-26 17:46:18.665665,,,start,2
2026-05-26 17:51:35.674036,,,drink,3150
2026-05-26 17:51:49.374459,,,start,3286
2026-05-26 18:07:46.066745,,,drink,12786
2026-05-26 18:08:04.689782,,,start,12907
2026-05-26 18:08:35.564994,,,exit,12907
2026-05-26 18:08:37.158769,,,block_end,12907
2026-05-26 18:08:37.189098,,,imaging_stop,12907
2026-05-26 18:09:09.329643,,,initialize,0
2026-05-26 18:09:43.488390,,,block_start,0
2026-05-26 18:09:48.530120,,,start,13
2026-05-26 18:09:48.532941,,,start,13
2026-05-26 18:15:39.527890,,,exit,3498
2026-05-26 18:15:41.118852,,,block_end,3514
2026-05-27 12:12:37.518052,,,initialize,0
2026-05-27 12:31:46.913786,,,block_start,0
2026-05-27 12:31:50.688567,,,start,37
2026-05-27 12:31:50.690151,,,start,38
2026-05-27 12:31:54.260541,,,exit,73
2026-05-27 12:31:56.849820,,,block_end,99
2026-05-27 12:36:59.856513,,,imaging_stop,3098
2026-05-27 12:40:53.703067,,,initialize,0
2026-05-27 12:51:14.529536,,,block_start,0
2026-05-27 12:51:17.027325,,,start,11
2026-05-27 12:51:20.735089,,,eat,48
2026-05-27 12:51:59.826811,,,start,436
2026-05-27 12:52:28.186303,,,eat,718
2026-05-27 12:52:48.457417,,,start,919
2026-05-27 12:52:57.830002,,,eat,1012
2026-05-27 12:55:11.694949,,,start,2341
2026-05-27 12:55:12.406095,,,eat,2348
2026-05-27 12:55:12.621648,,,start,2350
2026-05-27 12:55:12.622927,,,eat,2350
2026-05-27 12:55:17.849109,,,start,2402
2026-05-27 12:55:25.272973,,,eat,2476
2026-05-27 12:55:55.414667,,,start,2775
2026-05-27 12:55:59.473320,,,eat,2816
2026-05-27 12:56:43.957398,,,start,3257
2026-05-27 12:56:51.614738,,,eat,3333
2026-05-27 12:58:32.730262,,,start,4337
2026-05-27 12:58:43.339188,,,eat,4443
2026-05-27 12:59:16.569049,,,start,4773
2026-05-27 12:59:26.648326,,,eat,4873
2026-05-27 13:01:00.944178,,,start,5809
2026-05-27 13:01:05.004496,,,eat,5849
2026-05-27 13:01:24.696434,,,start,6045
2026-05-27 13:02:00.305289,,,eat,6399
2026-05-27 13:02:50.882700,,,start,6901
2026-05-27 13:02:52.986845,,,exit,6922
2026-05-27 13:02:54.573814,,,block_end,6937
2026-05-27 13:10:15.980513,,,imaging_stop,11312
2026-05-27 13:13:13.591873,,,block_start,0
2026-05-27 13:13:16.582624,,,start,15
2026-05-27 13:13:31.797077,,,eat,166
2026-05-27 13:15:07.997279,,,start,1121
2026-05-27 13:15:19.706787,,,eat,1237
2026-05-27 13:17:00.022548,,,start,2233
2026-05-27 13:17:11.010620,,,eat,2343
2026-05-27 13:18:00.223504,,,start,2831
2026-05-27 13:18:30.930682,,,eat,3136
2026-05-27 13:19:58.495491,,,start,4006
2026-05-27 13:20:17.828978,,,eat,4198
2026-05-27 13:20:48.584538,,,start,4503
2026-05-27 13:21:01.951283,,,eat,4636
2026-05-27 13:22:32.394843,,,start,5534
2026-05-27 13:27:14.984725,,,exit,8340
2026-05-27 13:27:16.579249,,,block_end,8356
2026-05-27 13:32:25.724511,,,imaging_stop,11417
2026-05-27 13:41:29.072552,,,block_start,0
2026-05-27 13:41:31.707725,,,start,7
2026-05-27 13:41:39.534318,,,eat,85
2026-05-27 13:46:26.742162,,,start,2937
2026-05-27 13:46:30.338658,,,eat,2972
2026-05-27 13:48:30.303078,,,start,4163
2026-05-27 13:48:35.167473,,,eat,4212
2026-05-27 13:49:59.173785,,,start,5046
2026-05-27 13:50:11.439079,,,eat,5168
2026-05-27 13:50:53.584697,,,start,5586
2026-05-27 13:51:32.156037,,,eat,5969
2026-05-27 13:55:26.705642,,,start,8298
2026-05-27 13:55:47.085905,,,eat,8501
2026-05-27 13:57:21.201012,,,start,9435
2026-05-27 13:57:27.474901,,,eat,9497
2026-05-27 13:58:30.396693,,,start,10122
2026-05-27 13:58:45.183043,,,eat,10269
2026-05-27 13:59:38.315050,,,start,10797
2026-05-27 14:00:03.897290,,,eat,11051
2026-05-27 14:00:40.435371,,,start,11413
2026-05-27 14:00:44.627533,,,exit,11455
2026-05-27 14:00:46.214855,,,block_end,11471
2026-05-27 14:03:37.979511,,,imaging_stop,13167
2026-05-27 14:19:40.266173,,,block_start,0
2026-05-27 14:19:43.041007,,,start,0
2026-05-27 14:19:43.042612,,,start,0
2026-05-27 14:19:45.887233,,,eat,22
2026-05-27 14:21:27.755742,,,start,1033
2026-05-27 14:21:32.455757,,,eat,1080
2026-05-27 14:23:09.751614,,,start,2046
2026-05-27 14:23:13.986704,,,eat,2088
2026-05-27 14:27:05.150684,,,start,4383
2026-05-27 14:27:21.130305,,,eat,4542
2026-05-27 14:29:21.114278,,,start,5733
2026-05-27 14:29:22.349985,,,exit,5746
2026-05-27 14:29:23.941540,,,block_end,5761
2026-05-27 14:34:47.111512,,,imaging_stop,8961
2026-05-27 14:47:59.961016,,,block_start,0
2026-05-27 14:48:03.230813,,,start,0
2026-05-27 14:48:07.839317,,,exit,0
2026-05-27 14:48:09.435290,,,block_end,0
2026-05-27 14:48:09.465282,,,imaging_stop,0
2026-05-27 14:49:19.828887,,,initialize,0
2026-05-27 14:58:57.074677,,,block_start,0
2026-05-27 14:59:02.371858,,,start,35
2026-05-27 14:59:31.141244,,,eat,320
2026-05-27 15:00:32.451720,,,start,929
2026-05-27 15:00:37.498101,,,drink,979
2026-05-27 15:00:40.986672,,,start,1014
2026-05-27 15:00:49.717591,,,eat,1101
2026-05-27 15:06:43.460517,,,start,4613
2026-05-27 15:06:49.144381,,,eat,4670
2026-05-27 15:09:29.835738,,,start,6265
2026-05-27 15:09:33.461950,,,eat,6301
2026-05-27 15:12:25.150349,,,start,8006
2026-05-27 15:12:30.373366,,,eat,8058
2026-05-27 15:14:11.973107,,,start,9067
2026-05-27 15:14:19.851186,,,eat,9145
2026-05-27 15:15:17.578710,,,start,9718
2026-05-27 15:15:23.041443,,,eat,9773
2026-05-27 15:16:53.270883,,,start,10669
2026-05-27 15:16:53.975846,,,exit,10676
2026-05-27 15:16:58.069321,,,block_end,10716
2026-05-27 15:21:24.563515,,,imaging_stop,13353
2026-05-27 15:26:57.235243,,,initialize,0
2026-05-27 15:27:06.339540,,,block_start,0
2026-05-27 15:27:10.335923,,,start,21
2026-05-27 15:27:34.423004,,,eat,260
2026-05-27 15:27:36.170355,,,eat,277
2026-05-27 15:27:47.275165,,,eat,388
2026-05-27 15:28:06.917479,,,eat,583
2026-05-27 15:28:26.364860,,,eat,776
2026-05-27 15:28:42.940127,,,eat,940
2026-05-27 15:28:58.713547,,,eat,1097
2026-05-27 15:29:17.569181,,,eat,1284
2026-05-27 15:29:58.135547,,,eat,1687
2026-05-27 15:29:59.780782,,,eat,1703
2026-05-27 15:32:19.903327,,,start,3095
2026-05-27 15:32:23.012280,,,drink,3126
2026-05-27 15:32:40.926016,,,start,3304
2026-05-27 15:34:09.903865,,,eat,4187
2026-05-27 15:34:53.524980,,,eat,4620
2026-05-27 15:34:55.597490,,,eat,4641
2026-05-27 15:36:03.372950,,,start,5314
2026-05-27 15:37:26.313260,,,drink,6137
2026-05-27 15:37:36.516449,,,start,6239
2026-05-27 15:38:04.086261,,,eat,6512
2026-05-27 15:38:21.744044,,,eat,6688
2026-05-27 15:39:03.154221,,,start,7099
2026-05-27 15:41:45.065624,,,eat,8707
2026-05-27 15:42:00.814736,,,eat,8863
2026-05-27 15:42:19.392389,,,eat,9048
2026-05-27 15:42:38.317733,,,eat,9235
2026-05-27 15:43:20.251156,,,start,9652
2026-05-27 15:43:24.717562,,,exit,9696
2026-05-27 15:43:27.314293,,,block_end,9722
2026-05-27 15:48:03.799513,,,imaging_stop,12459
2026-05-27 15:51:31.062609,,,block_start,0
2026-05-27 15:51:34.572127,,,start,0
2026-05-27 15:51:38.998580,,,exit,0
2026-05-27 15:51:40.587365,,,block_end,0
2026-05-27 15:51:40.617595,,,imaging_stop,0
2026-05-27 15:52:09.944329,,,initialize,0
2026-05-27 15:55:01.878817,,,block_start,0
2026-05-27 15:55:05.186513,,,start,18
2026-05-27 15:55:08.263983,,,eat,48
2026-05-27 15:55:19.428131,,,eat,159
2026-05-27 15:55:35.356020,,,eat,317
2026-05-27 15:55:48.014684,,,eat,443
2026-05-27 15:56:02.222725,,,eat,584
2026-05-27 15:56:18.562284,,,eat,746
2026-05-27 15:56:49.711434,,,eat,1056
2026-05-27 15:57:30.527558,,,eat,1461
2026-05-27 15:58:00.021983,,,eat,1754
2026-05-27 16:00:09.171919,,,start,3036
2026-05-27 16:01:47.995485,,,eat,4017
2026-05-27 16:02:04.579172,,,eat,4182
2026-05-27 16:03:16.076178,,,start,4892
2026-05-27 16:03:35.435503,,,drink,5084
2026-05-27 16:03:35.491442,,,start,5085
2026-05-27 16:03:41.133698,,,drink,5141
2026-05-27 16:10:17.047293,,,start,9072
2026-05-27 16:10:17.835599,,,exit,9080
2026-05-27 16:10:19.424476,,,block_end,9096
2026-05-27 16:16:27.947420,,,imaging_stop,12745
2026-05-27 16:26:16.123208,,,block_start,0
2026-05-27 16:26:18.695251,,,start,9
2026-05-27 16:26:27.580636,,,eat,97
2026-05-27 16:26:40.782957,,,eat,228
2026-05-27 16:27:00.415160,,,eat,423
2026-05-27 16:27:27.581436,,,eat,693
2026-05-27 16:27:37.002620,,,eat,787
2026-05-27 16:27:52.708801,,,eat,943
2026-05-27 16:28:07.051096,,,eat,1085
2026-05-27 16:28:23.180159,,,eat,1245
2026-05-27 16:28:40.564527,,,eat,1418
2026-05-27 16:28:58.285042,,,eat,1594
2026-05-27 16:29:40.152030,,,start,2010
2026-05-27 16:30:27.636698,,,drink,2481
2026-05-27 16:34:37.338837,,,start,4961
2026-05-27 16:41:52.667920,,,eat,9283
2026-05-27 16:42:14.292982,,,eat,9498
2026-05-27 16:42:57.376334,,,eat,9926
2026-05-27 16:43:17.337072,,,eat,10124
2026-05-27 16:43:56.760947,,,start,10515
2026-05-27 16:44:21.465938,,,exit,10761
2026-05-27 16:44:23.049908,,,block_end,10777
2026-05-27 16:48:09.130512,,,imaging_stop,13012
2026-05-27 16:50:25.557992,,,block_start,0
2026-05-27 16:50:41.149320,,,start,138
2026-05-27 16:50:48.293092,,,drink,209
2026-05-27 16:51:03.377993,,,start,359
2026-05-27 16:53:49.585950,,,exit,2009
2026-05-27 16:53:52.174835,,,block_end,2035
2026-05-27 16:54:04.325510,,,imaging_stop,2147
2026-06-01 13:28:18.311390,,,initialize,0
2026-06-01 13:45:16.125445,,,block_start,0
2026-06-01 13:45:19.308947,,,start,8
2026-06-01 13:46:30.279348,,,eat,713
2026-06-01 13:47:10.287236,,,start,1110
2026-06-01 13:50:29.273607,,,eat,3086
2026-06-01 13:50:35.560642,,,eat,3148
2026-06-01 13:51:00.424932,,,start,3395
2026-06-01 13:52:36.849351,,,eat,4352
2026-06-01 13:52:50.042422,,,eat,4483
2026-06-01 13:53:02.403732,,,eat,4606
2026-06-01 13:53:38.665929,,,start,4966
2026-06-01 13:57:11.890520,,,exit,7084
2026-06-01 13:57:12.972408,,,block_end,7094
2026-06-01 14:00:34.299513,,,imaging_stop,9084
2026-06-01 14:00:39.168336,,,block_start,0
2026-06-01 14:00:42.235562,,,start,0
2026-06-01 14:00:46.146704,,,exit,0
2026-06-01 14:00:48.741766,,,block_end,0
2026-06-01 14:00:48.771846,,,imaging_stop,0
2026-06-01 14:04:22.457441,,,block_start,0
2026-06-01 14:04:25.207828,,,start,0
2026-06-01 14:05:37.702778,,,eat,720
2026-06-01 14:05:43.454933,,,eat,777
2026-06-01 14:05:53.434595,,,eat,876
2026-06-01 14:06:32.901465,,,start,1268
2026-06-01 14:09:35.794547,,,drink,3084
2026-06-01 14:09:47.023314,,,start,3196
2026-06-01 14:10:33.475297,,,eat,3657
2026-06-01 14:10:57.871938,,,eat,3899
2026-06-01 14:11:06.698109,,,start,3987
2026-06-01 14:16:28.839068,,,eat,7186
2026-06-01 14:16:58.010766,,,start,7475
2026-06-01 14:17:40.633198,,,eat,7899
2026-06-01 14:17:55.690278,,,eat,8048
2026-06-01 14:18:13.382220,,,start,8224
2026-06-01 14:21:23.233205,,,exit,10109
2026-06-01 14:21:30.834309,,,block_end,10185
2026-06-01 14:24:58.588514,,,imaging_stop,12238
2026-06-01 14:26:43.745987,,,block_start,0
2026-06-01 14:26:46.404207,,,start,0
2026-06-01 14:32:09.956561,,,eat,3201
2026-06-01 14:34:28.861370,,,start,4580
2026-06-01 14:36:51.453165,,,drink,5996
2026-06-01 14:37:04.041575,,,start,6121
2026-06-01 14:39:51.829855,,,eat,7787
2026-06-01 14:40:01.552916,,,start,7884
2026-06-01 14:40:14.023587,,,drink,8007
2026-06-01 14:40:36.328863,,,start,8229
2026-06-01 14:42:26.278025,,,eat,9321
2026-06-01 14:42:31.513267,,,eat,9373
2026-06-01 14:42:52.585698,,,eat,9582
2026-06-01 14:43:46.977471,,,start,10122
2026-06-01 14:43:49.323131,,,exit,10145
2026-06-01 14:43:57.926310,,,block_end,10231
2026-06-01 14:47:33.510512,,,imaging_stop,12363
2026-06-01 14:56:59.780401,,,block_start,0
2026-06-01 14:57:03.504543,,,start,3
2026-06-01 14:58:54.878082,,,drink,1109
2026-06-01 14:59:06.168924,,,start,1221
2026-06-01 15:03:26.000916,,,eat,3801
2026-06-01 15:03:35.276935,,,start,3894
2026-06-01 15:06:04.244053,,,exit,5373
2026-06-01 15:06:05.329854,,,block_end,5384
2026-06-01 15:08:00.634513,,,imaging_stop,6520
2026-06-01 16:07:26.963556,,,block_start,0
2026-06-01 16:07:29.333933,,,start,10
2026-06-01 16:07:50.039022,,,eat,215
2026-06-01 16:07:54.681178,,,eat,261
2026-06-01 16:08:22.642419,,,eat,539
2026-06-01 16:08:43.795422,,,eat,749
2026-06-01 16:08:51.928891,,,eat,830
2026-06-01 16:09:50.851042,,,start,1415
2026-06-01 16:10:00.290658,,,drink,1509
2026-06-01 16:10:03.216233,,,start,1538
2026-06-01 16:14:37.241412,,,eat,4259
2026-06-01 16:16:13.258620,,,start,5212
2026-06-01 16:22:01.942121,,,exit,8675
2026-06-01 16:22:03.033302,,,block_end,8685
2026-06-01 16:25:10.857513,,,imaging_stop,10541
2026-06-02 09:52:30.447560,,,initialize,0
2026-06-02 09:54:47.991820,,,initialize,0
2026-06-02 12:49:30.814946,,,initialize,0
2026-06-02 12:49:47.990007,,,initialize,0
2026-06-02 12:51:19.414616,,,initialize,0
2026-06-02 13:16:51.724561,,,block_start,0
2026-06-02 13:16:56.161919,,,start,23
2026-06-02 13:31:25.304141,,,exit,8653
2026-06-02 13:31:26.893323,,,block_end,8669
2026-06-02 13:36:03.808513,,,imaging_stop,11410
2026-06-02 13:45:57.419092,,,block_start,0
2026-06-02 13:45:59.878159,,,start,0
2026-06-02 13:45:59.880010,,,start,0
2026-06-02 14:00:52.359530,,,exit,8859
2026-06-02 14:00:54.449308,,,block_end,8880
2026-06-02 14:05:03.844514,,,imaging_stop,11347
2026-06-02 14:06:41.931941,,,block_start,0
2026-06-02 14:06:49.603110,,,start,16
2026-06-02 14:24:06.606483,,,exit,10313
2026-06-02 14:24:08.694871,,,block_end,10334
2026-06-02 14:27:26.278512,,,imaging_stop,12287
2026-06-02 14:32:58.803069,,,initialize,0
2026-06-02 14:45:15.869909,,,block_start,0
2026-06-02 14:45:19.133801,,,start,0
2026-06-02 14:48:30.612029,,,eat,1900
2026-06-02 14:48:36.137336,,,eat,1955
2026-06-02 14:48:45.331159,,,eat,2046
2026-06-02 14:48:47.173147,,,eat,2064
2026-06-02 14:49:04.748458,,,start,2239
2026-06-02 14:52:32.866778,,,eat,4305
2026-06-02 14:52:34.544469,,,eat,4322
2026-06-02 14:52:55.790310,,,start,4533
2026-06-02 15:01:07.239090,,,exit,9413
2026-06-02 15:01:11.834302,,,block_end,9459
2026-06-02 15:06:18.359514,,,imaging_stop,12493
2026-06-02 15:26:22.641784,,,block_start,0
2026-06-02 15:26:24.886871,,,start,0
2026-06-02 15:43:55.553345,,,exit,10432
2026-06-02 15:43:57.643323,,,block_end,10453
2026-06-02 15:45:40.452512,,,imaging_stop,11464
2026-06-02 15:52:38.966504,,,block_start,0
2026-06-02 15:52:41.185175,,,start,0
2026-06-02 15:52:50.141864,,,exit,27
2026-06-02 15:52:56.734355,,,block_end,27
2026-06-02 15:52:56.764620,,,imaging_stop,27
2026-06-02 15:53:13.318436,,,initialize,0
2026-06-02 15:53:35.961037,,,block_start,0
2026-06-02 15:53:39.681232,,,start,10
2026-06-02 16:08:31.021421,,,exit,8861
2026-06-02 16:08:34.119227,,,block_end,8892
2026-06-02 16:13:32.003341,,,imaging_stop,11841
