m,w,Date_Time
24.51306458759096,"[21.887185708751556, 25.16835270674965, 23.504485152717887, 22.842672858736826, 23.238095845637442, 24.29640399082324, 25.886504874863427, 25.876269169475446, 26.138019063348867, 26.292656504805272]",2026-04-07 16:15:21.114171
25.8053354411734,"[22.601452368304457, 22.900520542161825, 24.502857878535522, 24.705687224679824, 25.46344838304851, 29.68632927307354, 28.722172219657658, 28.13200986339248, 26.300282540264305, 25.03859411861588]",2026-04-10 16:12:12.354090
26.24825442078086,"[26.599959637105098, 25.65920262405211, 25.582594313471233, 24.768348299307103, 25.008379940105176, 26.339717552523958, 27.641768869073438, 26.994106785373788, 26.95342493081475, 26.935041255981943]",2026-04-11 13:38:56.028020
23.18262586148104,"[22.223572162592873, 21.124466177517867, 21.381605654516818, 21.3207713488398, 21.962721155028312, 24.02699906515824, 24.549599966596226, 24.901557451013595, 25.130367511117193, 25.204598122429474]",2026-04-12 13:07:32.284301
30.295626309184414,"[39.37545379260431, 44.31831361969338, 31.721842821319957, 29.35313241581205, 28.624715545977743, 27.84700491081888, 27.0122294932137, 25.191085831464036, 24.4847931633607, 25.027691497579386]",2026-04-12 13:09:30.604097
20.78448997770762,"[20.869443432794622, 21.210817255833483, 19.283923969296364, 23.04341446893797, 21.99792270273656, 20.364182338217862, 18.991553948256623, 19.436560663807242, 20.497246508261636, 22.149834488933838]",2026-04-13 14:00:03.816265
23.34035431198662,"[22.429272145659017, 22.889153979804636, 23.158790876129988, 23.41648128344727, 23.509472521915427, 23.529508987703235, 23.635026641830343, 23.582108334937796, 23.64735008316148, 23.60637826527701]",2026-04-16 12:12:17.244349
19.904213515074613,"[19.225815318878468, 19.554575737260752, 19.719158920779698, 19.8166735871247, 19.854368819431716, 19.986650088496805, 20.07390005312128, 20.236685464022507, 20.28589224034944, 20.288414921280758]",2026-04-16 12:13:29.446185
26.18591810507807,"[23.479577303062708, 22.919745110638406, 26.618488293600624, 28.772045911633096, 27.59818738126002, 24.099402907520254, 28.5977779530445, 28.403705499328446, 27.345600328470454, 24.02465036222219]",2026-04-16 12:19:02.472932
23.334592740710157,"[21.917225909266996, 21.675686459176646, 22.849602982214808, 23.55305400972885, 23.70511077758885, 23.853716981876133, 23.91350741958157, 23.934964705664026, 23.97492165190947, 23.968136510094205]",2026-04-16 12:19:57.380089
24.260639914263642,"[25.299909067501144, 23.470501450976478, 24.059040012619203, 24.220549584888502, 24.25749091254938, 24.24539944187859, 24.26114445044991, 24.247226210828856, 24.259404670497275, 24.285733340447102]",2026-04-16 12:27:57.515719
25.14619950868614,"[27.467355928822123, 25.727315009197635, 24.16786324865631, 24.211386743804646, 24.485228108348856, 25.117348157805, 25.07414362231465, 25.109113199362547, 25.039406015927106, 25.062835052622543]",2026-04-16 12:41:59.797038
27.65404591627251,"[27.248143654790542, 26.248698064668783, 25.845011122993164, 25.323657063854565, 25.96375110476027, 29.42518830218354, 30.870916446487847, 29.479817392696173, 28.079352523492826, 28.05592348679739]",2026-04-16 12:44:39.475401
26.000704030954164,"[24.963667595322544, 25.75143995787413, 26.54883910283027, 26.32478444126387, 26.259687674702906, 26.01272591042685, 26.011798027785446, 26.05450962562255, 26.05767022586983, 26.02191774784325]",2026-04-16 12:45:08.697474
24.486277775586945,"[20.883071709090235, 22.149051587955157, 23.080123825938497, 25.599992112997548, 25.969521374936498, 25.386985054130353, 25.503144362301057, 25.42969665196746, 25.426652037050353, 25.434539039502283]",2026-04-16 13:11:59.687847
20.97374034132163,"[19.804060182468124, 19.94489536963365, 19.63718628867821, 21.81736253998594, 20.224564997019176, 21.16393018611006, 21.56355764122954, 21.78688739448235, 21.94686016112682, 21.84809865248243]",2026-04-16 13:32:10.761258
24.644966004699725,"[24.578799273467894, 24.87212617348158, 24.729290239370524, 25.59865828170053, 25.543710231529918, 22.795263855027617, 24.58285876002403, 24.394498583819118, 24.765680636713068, 24.58877401186298]",2026-04-16 18:01:09.869809
26.167293760685148,"[24.02720203948605, 24.280658982251925, 24.561459466606664, 26.425140748198167, 27.205722020278873, 27.086634082521243, 27.090780558075014, 27.04612620595747, 27.727308050077827, 26.221905453398254]",2026-04-20 14:10:17.224509
25.243780866595994,"[27.002863677802033, 27.100030388156508, 26.45318020176808, 28.15584484874353, 23.51301007448578, 22.04272203651682, 23.969470341391222, 24.179693752334202, 24.962913690676405, 25.058079654085354]",2026-04-20 14:22:11.947053
25.644562375750716,"[25.796964199967988, 25.232028653015966, 25.049757706645263, 25.82013226967053, 25.828193250117724, 25.75634033807404, 25.77405709725834, 25.606371306157197, 25.821466100967548, 25.76031283563255]",2026-04-21 19:20:08.597394
19.812066069883482,"[17.776201666013282, 19.807626731371016, 18.954699609593376, 20.43690514023786, 19.146626334701185, 19.387846825133554, 20.022315577525756, 20.693377701588304, 20.879099211531724, 21.015961901138745]",2026-04-21 19:25:01.825718
16.881827186497453,"[14.809934839441508, 15.368433200568791, 15.74689333293125, 17.18998281097407, 17.06596549668398, 17.443120794081963, 17.39223223046749, 17.490239834465736, 17.847648629401355, 18.463820695958375]",2026-04-21 19:29:07.193123
17.331853167211413,"[16.15907620004222, 16.0850195667252, 16.28251358768143, 16.99002410175161, 17.280828320833983, 17.82883000958039, 17.84431405115881, 18.374859947713816, 18.590621658172676, 17.882444228453984]",2026-04-21 19:32:20.742694
21.986100897958426,"[22.721265214375684, 21.68235561566173, 21.635729512931203, 23.32386699730218, 20.806898343497515, 20.70320745832067, 21.863524701395768, 22.3247403668384, 22.34825639253147, 22.451164376729633]",2026-04-21 19:40:33.466808
17.663904669337423,"[15.754809331715727, 15.692496213078972, 16.002872956628444, 16.624409344706084, 17.757035090201793, 18.406407957521534, 18.7838822145775, 19.060449234380833, 19.217754338431277, 19.338930012132067]",2026-04-22 14:10:18.918171
19.684108154000683,"[15.299276947451688, 16.88227373001863, 21.606298235399187, 21.97727731396533, 20.59861768683497, 20.342348099812334, 20.0301445873126, 20.272379949384003, 20.077321620361456, 19.75514336946663]",2026-04-22 14:18:00.393036
23.630891764809586,"[22.666955083521035, 23.868679089468763, 24.01685034876789, 23.691192537967797, 23.797551085738675, 24.37228739309052, 23.652511430354288, 22.803962754790774, 24.16635543936403, 23.272572485032093]",2026-04-22 14:18:43.163529
14.76116010846948,"[17.011858340157136, 16.053210589924586, 13.765689915539483, 13.71338053163036, 13.233143272038953, 13.173265845335882, 15.353645070971425, 14.814603248981069, 14.951726905580982, 15.541077364534933]",2026-04-23 10:45:40.796368
23.730375282134318,"[22.6732762840156, 22.65187699059823, 22.9240365678549, 23.012939323434374, 23.55522873466964, 24.463364873610786, 24.55226762919026, 24.198541368487714, 24.53257911939298, 24.739641930088684]",2026-04-23 10:51:03.154626
27.750055672958485,"[23.378206124489374, 22.242738738404366, 20.618132218636987, 22.06960163678498, 23.522085926572007, 35.03447084012814, 31.30835511924452, 36.0419774106971, 32.543337918620054, 30.74165079600732]",2026-04-23 10:51:37.928067
26.7501983349146,"[27.70944630923081, 24.327459062977717, 25.02975023719, 26.86727682682694, 26.716379912268696, 27.407507498451597, 27.369029365165893, 27.311210678073436, 27.394691119467208, 27.3692323394937]",2026-04-23 10:53:39.651986
20.662424116597734,"[20.828732581903044, 21.906033324905067, 22.36069581919279, 22.427329391378578, 22.135075355669017, 19.47350199146812, 18.44274036219899, 18.78191046396452, 18.786085935850835, 21.482135939446376]",2026-04-23 11:00:19.767020
25.674411200471365,"[26.191691274887553, 25.92101051059062, 25.378605114025177, 25.481977039544038, 25.632381016449038, 25.65296841255518, 25.57201065209272, 25.60654528415246, 25.619477648467022, 25.68744505194983]",2026-04-23 11:00:35.090422
32.29434351143267,"[32.5811201399247, 32.50303301638409, 32.37025880966575, 32.32206690497786, 32.29193971546479, 32.21057600634672, 32.1927142654997, 32.18546518236373, 32.157193758133474, 32.129067315565926]",2026-04-23 11:00:51.744001
22.456952044705385,"[25.902017912774394, 22.82901558610867, 20.212444530015844, 22.69934398697253, 21.222560770513745, 21.850824307741554, 21.702160110789187, 22.540647058959983, 22.88790713750525, 22.722599045672705]",2026-04-23 11:08:28.384168
25.958749237396454,"[29.57130082187205, 27.686829169846597, 25.33850318611702, 25.756282345408952, 25.868759119346585, 25.02757551224921, 25.00997473839509, 24.915156730976666, 25.38002593431983, 25.033084815432545]",2026-04-23 11:09:25.895637
26.716748165692003,"[27.450132107291072, 27.20299636501975, 26.62431655644194, 27.07077308861975, 25.76796786742413, 26.537153580815097, 26.677988767980626, 26.792930230184485, 26.592768546634222, 26.450454546508958]",2026-04-23 11:09:54.107031
29.24528635618167,"[14.991277903170806, 17.92501084462837, 21.48222292844401, 25.08446631670026, 26.558233914574487, 34.08808853856164, 48.38203364038517, 38.74481255610791, 33.137124816453216, 32.05959210279084]",2026-04-23 12:54:21.501507
27.37364848094013,"[25.89305804601834, 25.519150337865266, 25.074955519625878, 25.724908313596497, 25.6970138416893, 25.49580829016746, 27.984969461062565, 32.12292009306663, 30.920094226482234, 29.303606679827134]",2026-04-23 12:55:43.779506
23.195824992055005,"[23.097347647469547, 23.621079405876745, 23.218813284495777, 23.403809886125604, 23.44744936660411, 23.067220457956477, 23.22493151066253, 23.11367258269174, 23.024972801440075, 22.73895297722744]",2026-04-24 13:09:38.453385
21.31748606436258,"[23.039557956709633, 22.914467778115423, 22.083896828729102, 22.017205263878225, 21.321061312165238, 20.72971010626576, 20.526619793128567, 20.258200742770054, 20.166978280587074, 20.11716258127672]",2026-04-24 14:03:25.509784
26.274035060045605,"[28.439255003027217, 25.90570044700746, 26.822013551725977, 24.826978883710787, 24.756894747952277, 25.28230829364702, 25.663668059263866, 25.605588405178516, 25.69060565219711, 29.747337556745823]",2026-04-27 12:52:48.456012
28.3588858681154,"[36.44633126802122, 30.712132529477675, 27.979112201888704, 26.32501641192422, 26.217961952172292, 26.563163291106942, 26.89528728406431, 27.35044271600528, 27.885657022099846, 27.21375400439352]",2026-04-27 13:03:36.196995
23.801729457258247,"[27.463035475273088, 21.86790314760989, 27.564928587832213, 25.47446698941518, 25.67918109717483, 24.45852248607596, 23.122255497124726, 21.554452792810768, 20.43403450331602, 20.39851399594979]",2026-04-27 13:07:08.824712
23.174869342525557,"[25.45770710920483, 24.73543746186982, 21.85302802901489, 23.088213802718233, 21.777057637749976, 22.364436346090944, 23.2501003273106, 23.132607187842883, 23.05654980758034, 23.033555715873057]",2026-04-27 13:07:43.690102
20.523340307917856,"[23.95195655653473, 23.92527993059438, 23.26398957059911, 24.067767908714906, 17.400960126563195, 14.967935855473, 16.229131339468182, 19.4060565219711, 21.00917675932348, 21.011148509936465]",2026-04-27 13:08:24.793164
20.990140667008436,"[24.725027778486577, 22.93992655808893, 20.56999830661418, 18.08884012350118, 21.40703543815778, 24.05556045271394, 21.84485106323752, 20.256228992157073, 18.734037518934606, 17.279900438192577]",2026-04-27 13:09:47.486229
22.64453801883138,"[24.268190559258066, 22.83449589295946, 21.257385365898923, 22.500777101712178, 22.439826810704982, 22.101178642925245, 22.288813910816557, 22.924877461498667, 23.06814834059788, 22.761686101941827]",2026-04-27 13:10:58.134393
32.79006191296925,"[24.35921004711324, 24.298723697426748, 23.257378406779107, 29.483093978273626, 25.292051061381756, 25.790382032480533, 24.464785693905437, 24.882912809187893, 55.65547369568697, 70.41660770745716]",2026-04-27 13:11:23.916381
23.478052095970902,"[26.065760202649567, 26.07071857551457, 24.881433996228157, 24.192916079974207, 21.677571220791997, 20.999289009926027, 22.08409980305691, 22.555609166552614, 23.095897830842354, 23.15722507417262]",2026-04-27 13:12:48.862507
17.129563152852427,"[19.916826919731193, 19.298364142903203, 16.728303204210732, 19.166894771149344, 17.56838495067144, 20.1144369260176, 14.900809345633963, 12.85465414334395, 13.94543818097887, 16.801518943883977]",2026-04-27 13:55:49.268568
19.946545260955396,"[19.23439823331145, 19.528392048973647, 17.574358195175474, 21.974522662373662, 25.25693650267114, 22.594551241159017, 18.076255715177147, 19.60572526786812, 17.80658982251925, 17.813722920325038]",2026-04-27 13:56:00.385595
20.270213923342975,"[19.8782907937804, 20.212705497008738, 21.223517649487693, 20.16607939427821, 20.413186140216983, 20.381261178086195, 20.21113969505137, 19.73351210538891, 20.127340293999612, 20.355106486131632]",2026-04-28 13:06:15.897076
25.303330634741318,"[25.268853995346667, 25.373907708153073, 24.935802119747894, 25.582246357480706, 25.210832333926405, 25.096963736026666, 25.178298448812193, 25.21793643539965, 25.57711400662044, 25.591351205899475]",2026-04-28 13:07:21.654939
21.56169317704697,"[26.01191401311562, 24.2101688978378, 18.81322650311189, 19.471559237187684, 20.552919466745845, 21.07986981806541, 21.18376367757006, 21.149490012503218, 21.690706559434364, 21.45331358489778]",2026-04-29 12:55:09.001841
22.954056470937555,"[20.756705691864095, 22.163810721219978, 23.139595303985953, 23.95062272523771, 23.10314691397832, 23.52498555982639, 22.969705791611478, 23.21762443486148, 23.49265464903999, 23.221712917750164]",2026-04-30 11:10:43.606393
21.436701585983407,"[19.571190635808385, 20.01164492714961, 20.64840438981278, 21.81959525759182, 21.800225707452523, 21.892260066946733, 21.816724620669977, 22.13081289478507, 22.235199691942963, 22.44095766767419]",2026-04-30 11:17:13.914165
21.88747277244374,"[19.481562971915313, 17.004754238683894, 15.910809600801691, 21.670148159660766, 25.13094743776807, 24.940296551292192, 25.47817851998079, 24.665614293104206, 22.659966967377965, 21.932448983852524]",2026-04-30 12:57:29.296999
19.989300353291316,"[19.307382002324346, 19.724378260637597, 19.918334729023474, 19.96896232564505, 20.211719621702247, 20.142534372252598, 20.102954378330228, 20.09237071695172, 20.171675686459178, 20.25269143958672]",2026-04-30 12:58:10.392778
23.807235860808326,"[24.177548023725958, 24.034538111619643, 23.601796844735077, 26.01597349967176, 23.25549364516376, 24.302609205987626, 24.04219314341122, 23.11216477339946, 22.812429683893583, 22.71761167647516]",2026-04-30 12:58:32.669188
24.631578397964226,"[26.8127057289794, 26.730037184896855, 26.415281995133256, 25.19804495127456, 23.38997863550218, 23.206866795487706, 23.49903384219964, 23.633228869212623, 24.051384980827628, 23.379220996128407]",2026-04-30 12:58:44.723125
21.13483526603555,"[19.846597802309965, 20.682707051212162, 20.56701168436216, 24.93006084590421, 24.78380334455298, 22.948828432179898, 19.78112408342593, 19.76482814453628, 18.877743343021976, 19.16564792884996]",2026-04-30 13:03:34.052151
18.427128736757375,"[20.18657980138672, 20.49495579799067, 20.96620419449348, 19.244141001046188, 18.5454163757368, 17.294601578792317, 16.747527772687313, 17.331803873446088, 16.747121824031698, 16.712935147962483]",2026-04-30 14:05:32.478140
27.87916184361002,"[27.751172031761424, 25.639311139927024, 30.40253868690688, 28.990591270016168, 27.294885742851243, 27.92459909670625, 29.40236818847152, 26.693153849901062, 28.379029620333622, 26.31396880922501]",2026-04-30 15:15:13.486563
19.840601360739893,"[18.835234719512673, 20.504930536385757, 21.757891061938487, 22.086390513327874, 20.493824941021458, 18.684772749942585, 18.978273627951538, 19.38465722855373, 18.94486985286101, 18.735168375903815]",2026-04-30 16:50:13.112901
23.98990405693488,"[25.668423457801058, 25.389072790073513, 24.639517593814734, 23.078587020313673, 23.42851476145297, 23.22040808278569, 23.880161637156135, 23.331377047431044, 23.456496222357796, 23.806481956162184]",2026-05-01 12:58:10.744875
23.185829956227135,"[20.452012229493214, 19.94776600655549, 22.485583023459192, 27.20673689191791, 25.73989941752167, 25.7407113148329, 23.999684519901923, 23.224583554672005, 22.125535562262087, 20.935787041654972]",2026-05-01 13:00:23.593569
18.611606304034666,"[23.342801602453324, 23.081167693910075, 24.147333845215257, 23.19376045317788, 18.228312483037143, 16.33917242147213, 17.36474370721591, 16.249167805255993, 14.577384252439751, 9.592218776169188]",2026-05-01 14:50:34.605361
22.988782478792082,"[23.575410182120166, 23.6425366919592, 22.946740696236738, 25.785945593601323, 25.749178243935706, 24.78635502181684, 21.882894251535067, 21.4839337120641, 21.23123067394436, 18.803599720707325]",2026-05-01 14:57:00.725648
19.606363187184087,"[22.374788036809104, 21.443512824497958, 18.458079422114693, 19.36728842535996, 17.97294178232337, 17.82442256703372, 18.069151613703898, 18.334410063815128, 20.186318834393827, 22.032718301789192]",2026-05-01 17:24:25.164102
20.756807179027994,"[17.59474261695381, 18.747346835572237, 19.98592518018321, 21.795209341922433, 21.744465759970677, 21.57306843830392, 21.62140532465454, 21.484948583703133, 21.498402882003482, 21.52255682701252]",2026-05-04 19:05:36.235715
26.057600634671726,"[25.301793829116495, 25.38828988909483, 25.698318676653777, 25.47701866667904, 25.18105310040386, 26.106616035203867, 26.368684888735274, 27.197168102178438, 26.9239066642851, 26.933156494366592]",2026-05-05 12:50:10.342639
26.08087599080468,"[25.199494767901754, 25.37561849177316, 25.629626364857373, 26.5388063717701, 26.235562726026412, 26.07095054617492, 26.270213343416323, 26.522800396205888, 26.70417245626773, 26.261514443653166]",2026-05-05 12:51:27.241881
22.41911183073565,"[21.969332318848313, 21.277450828019273, 19.0882567172904, 21.340923799957782, 22.405408163975423, 22.1325526747377, 23.267237159844022, 23.337930218585953, 24.57871228447026, 24.793314141627366]",2026-05-05 12:52:14.081593
23.962392336617263,"[26.235185773703343, 25.753005759831495, 25.35787273625632, 24.750225591467192, 23.492567660042358, 23.729670671253498, 24.322065745124558, 24.137997026136134, 21.862016892103487, 19.983315510254265]",2026-05-05 12:52:53.989730
23.914965935108526,"[26.458921475611763, 28.461698164416166, 28.94425513061108, 27.55335905114721, 25.79403557038106, 19.990825560383122, 18.945304797849168, 21.827801219701733, 21.032170851030763, 20.14128752995321]",2026-05-05 12:53:05.335868
17.9915719259828,"[23.52182495957911, 21.505709957804537, 20.141635485943738, 18.59456515939864, 15.902371668031428, 14.741938439626157, 15.291621915660107, 16.471975624523008, 16.762779843605383, 16.98129620565591]",2026-05-05 12:54:21.031420
18.025410646061488,"[19.10234893490671, 19.317153766391627, 17.345664120402052, 18.917091366283994, 18.644554836704256, 18.626258150869077, 18.366103055285567, 18.077995495129777, 16.846231288666612, 15.010705445975194]",2026-05-05 13:02:20.078746
20.230106196168308,"[23.15812396048148, 23.789374119961305, 24.59958964390184, 17.486354325904863, 24.27596157637982, 15.886945619118093, 16.40389223571003, 19.074570448329695, 18.87388683079364, 18.752363201102323]",2026-05-05 20:34:13.885560
23.43416614666577,"[26.63098571292703, 25.266737263070965, 23.718681061219378, 23.755941348538236, 22.703403473528667, 22.351127029453313, 23.156500165859022, 22.62609925096674, 22.667245046846475, 21.464941114247868]",2026-05-06 12:51:46.301291
21.13903103535465,"[21.26930285857445, 21.629524297766817, 20.29482311077295, 20.601053378768654, 19.16799663178601, 20.299085571656896, 20.797880484076373, 21.049684635887253, 21.836732090125242, 24.44422729413184]",2026-05-07 14:05:55.571506
25.699023287534594,"[22.4945138938827, 24.619597113357102, 26.480320769029134, 26.923558708294575, 26.255338224821326, 26.04810143613036, 26.018786143928516, 25.84356130636597, 26.165623571930624, 26.140831707605624]",2026-05-07 14:09:25.852897
19.21080391752051,"[16.907123587008716, 19.20029854623987, 20.54506146062646, 21.765256130404623, 17.556931399316614, 16.48632880913222, 20.251966531273126, 20.284355434724613, 19.180813010770397, 19.929904265708473]",2026-05-07 14:10:54.007297
21.99818656936271,"[15.537017877978794, 17.640759796700912, 21.845952923874187, 25.28178635966123, 22.2539313227663, 23.50648589966341, 23.776006810658586, 23.505181064698938, 23.334102702690167, 23.300640934934552]",2026-05-07 14:19:20.637062
18.62844157470963,"[22.249784847212524, 16.55565904024459, 19.83642008958707, 18.076313707842232, 18.403421335269517, 18.23300988890925, 18.240200979380127, 18.297700706814602, 18.346327556490653, 18.04557759534574]",2026-05-07 14:25:24.964280
22.14217365787575,"[17.51514768412091, 20.327936922538036, 22.055567411833753, 22.969009879630423, 23.0765572770356, 22.963529572779635, 23.106336510558148, 23.119616830863233, 23.197993917729285, 23.090040571668496]",2026-05-08 10:26:48.169956
18.986311411332697,"[22.154096949817788, 22.806137479731564, 22.14360027743691, 21.336226394085678, 17.616605851691876, 16.887000132223278, 15.939979911340815, 16.51112067345722, 17.298081138697576, 17.170265304844243]",2026-05-08 10:28:38.837322
19.88016685649599,"[17.271520498087405, 18.848138087494693, 18.047781316619073, 20.00485978533435, 21.44159906655006, 22.030456587850768, 20.861382452347428, 20.7465279791412, 19.78399472034777, 19.765408071187156]",2026-05-08 12:36:28.064767
15.602767062021995,"[13.162247238969215, 13.265561171822988, 14.016218228718431, 15.176448482795896, 15.913883212051338, 16.67315217971231, 16.912922853517486, 17.07190974485547, 16.651433926636958, 17.183893581139856]",2026-05-08 13:08:59.710310
26.52469095708775,"[25.103632892511754, 25.190998842466406, 27.216943600973348, 27.205403060620892, 27.059812474918175, 27.313646370007124, 26.53138331063887, 25.368195430641933, 26.97085172667361, 27.286041861425364]",2026-05-08 13:18:08.806353
23.642467100761095,"[24.10624604200061, 23.75295472628622, 21.60310863881936, 23.98101088174368, 23.30873091171429, 23.817094613873238, 23.68191371155376, 23.81338308330762, 23.952130534529992, 24.40809786378219]",2026-05-11 12:46:49.069777
21.259867451964677,"[21.34451934519322, 22.251118678509542, 22.33027866635428, 23.60939388386157, 22.865840928439372, 20.56828752299409, 22.08523066002612, 20.554630250365932, 17.822015871432583, 19.167358712470048]",2026-05-11 12:51:30.698853
